label,longitude,latitude,TypeCode,Priority,APC_Diameter,APC_Depth,Comment,elevation
APC001,240.4585,-0.94678,APC,1,25,32.0,APC -- tiny ~25m,5845.516289233242
APC003,237.696,-12.47266,APC,1,30,47.0,APC 40m small deep nochain--big smrp?,10500.439388911564
APC005,240.8867,-5.68445,APC,1,30,17.0,APC deep pair,10144.570833539166
APC006,240.9421,-1.61377,APC,1,40,38.0,APC small deep?,6446.1238035272045
APC007,241.2993,-1.68555,APC,1,40,28.0,"APC, deep? ~40m",6610.563531326868
APC008,241.7492,-6.64679,APC,1,40,50.0,APC deep,11017.000076035192
APC009,244.2588,-1.28809,APC,1,40,45.0,APC ~ small deep,7473.616109916817
APC010,241.3897,-2.71338,APC,1,45,30.0,"APC, deep ~45m",7119.52897428515
APC011,243.2452,-4.50244,APC,1,45,34.0,APC irregular 119x45,8169.741556585549
APC012,244.2749,-1.08203,APC,1,45,48.0,"APC ~ small deep, faint graben?",7445.583566224261
APC013,244.2788,-1.12158,APC,1,45,50.0,"APC ~ small deep, faint graben?",7456.469775340143
APC014,236.3418,-13.89099,APC,1,50,75.0,APC nochain deep,8453.541676423309
APC015,243.7466,-6.17554,APC,1,75,66.0,"APC - deep, ~ 75x55m",8301.647090930612
APC016,243.0341,-4.20642,APC,0,55,35.0,APC - deep - 60m >.65 d/D,8027.260542565733
APC017,243.372,-5.88489,APC,1,55,33.0,APC deep,8819.19053829606
APC018,236.7605,-13.86035,APC,1,60,85.0,APC irregular nochain deep,9051.112557001828
APC020,240.5234,-1.05363,APC,1,70,53.0,CTX images not very clear.,5938.9164015290735
APC021,241.0972,-1.57715,APC,1,60,44.0,"APC, deep",6485.345144219414
APC022,242.085,-2.86392,APC,1,65,31.0,Small APC probably Type II,7257.002729449308
APC023,242.63,-5.29,APC,1,60,46.0,APC,9270.492543999924
APC024,245.7545,11.83345,APC,1,60,27.0,50m half-filled APC?,2386.385485810375
APC025,250.1067,4.13696,APC,1,60,88.0,APC -- Deep d/D > 1.4,5096.021170347309
APC026,257.1238,12.6433,APC,1,60,48.0,Ascraeus NE flank 60m APC in chain with largers,10708.2577836794
APC027,235.1852,0.87524,APC,1,65,96.0,APC deep nochain,3751.670490362704
APC028,236.3438,-21.41626,APC,1,65,49.0,"APC,  AA",4000.916280071799
APC029,240.723,-18.73004,APC,1,65,80.0,APC deep nochain,5734.65306525899
APC030,240.895,-5.68079,APC,1,65,38.0,APC deep pair,10146.971424836176
APC032,242.246,-2.71902,APC,1,70,38.0,Small APC - dark interior with sharp edge.,7198.025614904468
APC033,240.4639,-0.95215,APC,1,70,89.0,"APC -- deep, ~70m",5853.475507157115
APC034,236.42,-13.6,APC,1,75,50.0,APC -- end chain deep,8845.13200000008
APC035,237.9064,-18.10693,APC,1,75,76.0,"APC, irregular heart shape in AA? ~ questionable, just a dark floor?",5555.987591212003
APC038,241.5786,-1.85474,APC,1,80,44.0,APC ~ squarish pit,6795.896254629443
APC039,255.6328,7.1543,APC,1,80,71.0,APC,6179.396128542213
APC040,238.8126,-19.40198,APC,1,90,82.0,"Hourglass -- merged APCs? 185 long,22 m narrowest",5154.3903434748345
APC041,239.3748,-1.02046,APC,1,90,57.0,"APC, 85m, 52deep",5266.8744780587085
APC042,239.54,-1.31,APC,1,90,100.0,"deep, nochain, 109m",5588.086079999996
APC043,239.66,-1.36,APC,1,90,47.0,APC,5671.180927999934
APC045,237.8282,-2.04173,APC,0,95,67.0,Probably Type I,4971.375411079701
APC046,236.7245,-14.87268,APC,1,100,32.0,APC  nochain bearded -- no night thermal? 100m,7503.239047585778
APC047,237.5336,-14.5343,APC,1,125,52.0,APC in chain,8495.284706526985
APC048,245.75,-15.85,APC,1,110,102.0,APC,6382.000000000028
APC049,241.2538,-13.53717,APC,1,105,80.0,APC irregular 105x176,8158.893016719632
APC050,237.0449,-0.31885,APC,1,110,83.0,APC deep super pair,4387.812174420906
APC051,238.8672,-13.6178,APC,1,110,50.0,APC nochain b=102,9994.48586891234
APC052,239.64,-1.67,APC,1,110,55.0,APC,5893.347807999997
APC053,239.9044,-11.35315,APC,1,110,66.0,APC near chains,11970.013335958174
APC054,249.2178,0.33252,APC,1,109,67.0,"APC in graben, 120m irregular",8191.585159051172
APC055,252.7008,21.79194,APC,1,112,78.0,2 Channel edge mystery spots,2063.136646928369
APC056,237.0503,-0.33545,APC,1,115,86.0,APC deep super pair,4390.513287063712
APC057,238.309,-14.36212,APC,1,115,39.0,APC 144m  dark material inside? possible vent,9023.929205154294
APC058,249.7645,1.43201,APC,1,115,82.0,APC ~120m?,7066.361588396597
APC059,232.8127,2.04565,APC,1,118,71.0,APC - Type II,2366.327909027087
APC060,237.0083,-11.72388,APC,1,120,68.0,APC,10082.410565250177
APC061,240.9015,-7.17221,APC,0,119,55.0,APC nochain,12331.8017115082
APC062,236.51,-17.21,APC,1,130,85.0,APC nochain AA 150m,5610.332096000008
APC063,236.51,-13.96,APC,1,125,39.0,APC nochain,8645.917440000083
APC064,237.4902,-14.00342,APC,1,125,44.0,APC  in chain,9270.284293088876
APC065,239.95,-13.92,APC,1,125,59.0,APC nochain,9194.339999999987
APC066,238.7723,-14.06042,APC,1,130,45.0,APC,9502.960253597295
APC067,239.7908,-14.84766,APC,1,130,47.0,"APC inchain, 120m",8111.314054301008
APC068,240.54,-6.713,APC,1,130,93.0,"APC Irregular, 128x95",11172.995372207844
APC069,235.4121,-14.20947,APC,1,159,47.0,nochain,6993.456599351204
APC070,239.4691,-0.91003,APC,1,95,67.0,Type I or II? No chain. Sloped upper rim above aperture.,5281.775214805769
APC071,240.02,-13.84,APC,1,140,81.0,APC nochain,9170.734751999938
APC072,240.32,-7.84,APC,1,170,72.0,APC,15577.813919999637
APC073,245.89,-16.33,APC,0,150,50.0,APC,6285.005343999995
APC074,239.22,-13.94,APC,0,180,46.0,APC,9509.23257600005
APC075,241.3931,-5.5332,APC,0,165,345.0,APC ~ Jeanne,9963.4134845422
APC076,235.4053,0.99561,APC,1,165,114.0,"APC, end of pit, inchain 162m",3779.778273793913
APC077,237.252,-13.07,APC,1,165,71.0,APC,9960.303558912085
APC078,237.558,-14.507,APC,1,185,88.0,APC,8535.851864765395
APC079,240.04,-14.28,APC,0,175,84.0,APC in chain b=164,8713.321023999968
APC080,236.62,-12.6,APC,1,180,63.0,"APC, nochain, on inflated tubeflow",9648.69200000009
APC081,238.1161,-18.901,APC,1,185,112.0,APC dark nochain,5284.435720029117
APC082,239.02,-6.31,APC,1,185,99.0,APC,10397.795360000064
APC083,239.53,-13.38,APC,1,190,82.0,APC,9946.05734400002
APC084,248.5801,-0.45215,APC,1,190,87.0,APC -- 7th grd class,8598.844785679366
APC085,247.5515,17.28099,APC,0,200,59.0,Fanpit B,2152.857214178768
APC086,240.55,-6.708,APC,1,215,161.0,APC -- dust mound under rim,11152.771583999922
APC087,237.3879,-19.57495,APC,1,230,80.0,APC Elliot,4832.088717480327
APC088,236.6821,-17.10645,APC,1,235,75.0,APC 324m shallow?,5701.9253314796215
APC089,238.41,-18.55,APC,1,240,80.0,"APC, AA, nochain",5486.468000000022
APC090,237.05,-10.59,APC,1,250,69.0,APC,9430.484000000062
APC091,240.03,-6.52,APC,1,250,155.0,APC,11076.346783999994
APC092,247.5439,17.27168,APC,1,275,167.0,Fanpit A,2152.3130127767217
APC093,239.21,-4.29,APC,1,285,132.0,APC,6890.809248000087
APC094,259.3536,24.76974,APC,0,350,128.0,Tractus3,2195.8327341688705
APC095,259.3452,26.16333,APC,0,375,183.0,Tractus1,2076.0663633813338
APC096,237.56,-19.46,APC,1,475,124.0,"Hayden, 540m nochain",4918.758528000004
APC098,245.85,-16.25,APC,0,150,50.0,APC,6294.999999999997
APC099,242.5299,-17.46004,APC,0,215,151.0,APC,6246.219900192177
APC100,234.9626,-8.11974,APC,1,130,80.0,"135 x 90, depth may be wrong if interior is dark material.",4803.495872277255
APC101,239.4024,-13.67523,APC,1,430,138.0,"Very large type III - Upper cliffs, sloped lower walls.",9739.170077016935
APC102,239.4213,-13.68152,APC,1,375,103.0,"Very large type III - Upper cliffs, sloped lower walls.",9725.125872747669
APC103,239.4382,-13.68353,APC,1,520,218.0,"Very large type III - Upper cliffs, sloped lower walls.",9716.05844992053
APC104,238.6571,-6.36218,APC,0,130,57.0,APC,10432.235361462155
APC105,236.539,-13.08098,APC,1,190,47.0,APC,9433.758146506902
APC106,139.1303,28.58124,APC,1,255,92.0,sloped floor?,-1691.0113591014494
APC107,139.7143,28.58714,APC,1,160,34.0,in chain - Elysium,-1121.1546703172617
APC108,139.9279,28.53275,APC,1,360,105.0,in chain - Elysium 3+,-844.006299956725
APC109,139.3289,29.70285,APC,1,240,74.0,220x260ish,-2211.7738899867777
APC110,139.6895,29.71901,APC,1,115,43.0,near trough rim -- Elysium,-2108.971706834366
APC111,142.1093,29.26669,APC,1,160,55.0,near Elysium ~160m,-221.77781927783343
APC112,147.5129,24.76074,APC,1,100,72.0,Good Elysium Type II APC,8914.272626013904
APC113,147.9082,22.53269,APC,1,270,98.0,Elysium APC,2388.7817604517245
APC114,148.7321,24.41968,APC,1,90,20.0,~90m - maybe TypeII,4066.266486273031
APC115,149.9153,23.21488,APC,1,135,74.0,Classic APC ~145m,2037.4096584130791
APC117,236.07,-13.94,APC,1,200,84.0,"APC, Circe",8069.842592000159
APC118,238.131,-12.91895,APC,1,90,30.0,APC -- Small type II?,10480.84075461526
APC119,236.5708,-6.75638,APC,1,250,101.0,"APC irregular 250x450 trough, In spread-out chain,",6854.860156500407
APC120,237.5425,-14.52867,APC,1,175,88.0,"APC in chain with Catalina, 105 deep,171 across",8499.896235683094
APC121,259.3264,25.23291,APC,0,425,185.0,Tractus2,2182.7129640973462
APC122,235.1589,-14.00238,APC,1,122,41.0,nochain,6756.961281444701
APC123,236.8814,-11.86816,APC,1,210,57.0,chain,9959.65834254647
APC124,234.8862,-14.66162,APC,1,250,72.0,APC,6083.413135380588
APC125,239.3912,-14.9541,APC,1,137,36.0,APC,8041.2433159081775
APC126,239.391,-14.95801,APC,1,125,38.0,APC,8035.686656625476
APC127,235.4273,-13.75894,APC,1,105,50.0,APC,7265.742538636668
APC128,255.8157,16.17691,APC,1,60,41.0,APC ~ 60m,3238.299010711585
APC129,231.8792,-2.09052,APC,0,230,105.0,Outstandingly perfect Type II APC,2869.4638454255155
APC130,122.0461,21.52222,APC,1,110,41.0,collapse pit kinda like an APC,-3801.719962321591
APC131,239.25,-13.52,APC,0,170,31.0,APC,9933.18000000007
APC132,242.42,-4.28,APC,0,130,20.0,APC - Shallow or filled-in? Possible rim overhang,8280.270623999946
APC133,250.3825,30.53043,APC,1,140,70.0,APC Lathrop contrib,3205.210420382471
APC134,234.7664,-2.49139,APC,1,100,47.0,APC,3991.384580088169
APC135,234.7219,-2.3743,APC,1,110,53.0,APC 110x80,3945.684230877678
APC136,234.7186,-2.36801,APC,1,90,58.0,APC 90x75,3942.217565018149
APC137,234.7136,-2.35385,APC,1,75,40.0,APC,3935.52696483028
APC138,235.9404,-18.64916,APC,1,135,65.0,"APC, dark, 135x90",4637.3557538838
APC139,250.4644,30.71753,APC,1,415,168.0,Large ovoid APC 415x310 d=168  Lathrop contrib,3158.243732677804
APC140,252.2473,-4.35956,APC,0,135x195,91.0,Notcis Labyrinth APC - deep; overhang,6564.679098917387
APC141,225.4586,-24.78119,APC,0,110,35.0,SW Daedalia APC,2166.3671476752006
CC0001,240.9941,-5.37891,con,1,,,connected tube?,9777.103350037029
CC0002,240.9938,-5.38513,con,1,,,connected tube?,9785.438629940129
CC0003,253.8723,0.19116,crk,3,,,Fractures in channel wall,5561.517641343732
CC0004,252.8344,6.12328,crk,3,,,pit or fracture near deep trough,6297.096572253265
CC0005,258.4243,14.23633,crk,3,,,Channel wall fracture candidate,5498.048822718432
CC0006,254.5296,8.3631,crk,3,,,Channel,8526.009574325199
CC0007,254.033,4.3313,crk,3,,,fracture in channel wall,6202.477686371376
CC0008,231.4201,2.48972,crk,3,,,Irregular pattern of graben fractures,1913.4282281195276
CC0009,235.4658,-3.85303,crk,2,,,Small rimless pit,4474.224748976986
CC0010,241.0615,-7.18286,end,2,,,Deep pit in end of trough,11988.466067848623
CC0011,122.3054,21.50098,pit,0,,,large deep Hephaestus pit,-3805.974900283408
CC0012,144.0397,23.37192,end,2,,,Discreet pit at end of trough,1369.043871515507
CC0013,141.0048,29.4056,end,2,,,distal end of pit chain,-938.6013830286084
CC0014,139.7594,29.83328,end,2,,,end of trough,-2062.834238899801
CC0015,236.6222,-6.66313,end,1,,,upper end of trough - impact?,6790.53700403946
CC0016,239.6518,-20.14194,end,2,,,Possible entrance at trough end where fault continues,5020.799320674112
CC0017,239.6345,-20.22433,end,3,,,possible accesss beneath partially collapseed pit,4990.064228487807
CC0018,258.5737,10.57269,end,3,,,pit at end of shallow chain,3712.6976430923055
CC0019,257.217,8.73511,end,2,,,Black-looking hole at end of collapse trough,4000.990323999687
CC0020,254.7465,4.56909,end,3,,,Channel tip,6105.332988583269
CC0021,255.4132,1.83636,end,0,,,Large trough with overhang at end,5393.70023218276
CC0022,253.6738,6.23682,end,3,,,End of collapse trough,6769.232165303391
CC0023,254.9862,1.24988,end,2,,,Hole in end of collapse trough,5421.912237745863
CC0024,241.7553,-14.18007,end,2,,,possible vent?,7554.196877014112
CC0025,240.8302,-6.68977,end,1,,,"Pit at end of trough, possibly under overhang",11275.097953864575
CC0026,284.588,28.78819,end,1,,,Kasei Fracture Tip Cave ~ strong ~ i=49,495.8101160810573
CC0027,139.3868,30.01179,flr,2,,,pit in trough floor,-2490.750515323548
CC0028,140.9491,30.24073,flr,2,,,"depression in fracture floor, overhang?",-1561.754580977111
CC0029,243.0532,-3.87207,flr,2,,,Pit in channel floor,7720.259842982074
CC0030,243.7738,-6.1698,flr,2,,,Pit in channel flor skylight,8266.222289563757
CC0031,244.1912,-7.70654,flr,3,,,"Channel center deep pit, impact?",7392.225871434597
CC0032,248.9462,1.86311,flr,2,,,Pit floor pits,9893.4490244494
CC0033,245.393,-7.18535,flr,2,,,channel floor center,7212.225680963123
CC0034,248.7941,-1.1727,flr,3,,,Channel edge floor,6394.938012594908
CC0035,348.877,29.64915,flr,3,,,Channel floor dark pit,-3406.26698224098
CC0036,244.1758,-6.94916,flr,3,,,Channel edge,7823.989788965509
CC0037,254.474,5.11572,flr,3,,,Channel edge pit,6358.308678907646
CC0038,257.3432,5.73541,flr,3,,,crater in channel with deep central pit,4627.769662978427
CC0039,253.4385,3.02271,flr,3,,,channel floor candidate,5786.765571038907
CC0040,258.0972,10.92065,flr,3,,,Channel pit,5842.147981603639
CC0041,252.6796,7.66431,flr,2,,,Good channel edge candidate,6986.647963984975
CC0042,259.5123,10.63947,flr,3,,,Channel floor,3506.492640548984
CC0043,257.6639,8.43481,flr,3,,,Channel floor,3892.9596319119296
CC0044,254.9085,1.14233,flr,3,,,Sun-facing shadows in channel floor,5426.022546918503
CC0045,259.2913,9.02863,flr,3,,,channel small rimless pit next to impact,3618.906199619579
CC0046,252.8507,4.56213,flr,2,,,small dark small rimless pit in channel center,5809.886299711089
CC0047,254.0222,4.28308,flr,3,,,Line of pits in vent channel,6188.081468410131
CC0048,244.6436,-6.98201,flr,2,,,channel floor hole,7525.638568140091
CC0049,241.0852,-15.71522,flr,3,,,channel floor smrp,6989.511058439776
CC0050,242.551,-19.72817,flr,2,,,channel floor pinholes,5578.502357407027
CC0051,242.5505,-19.72805,flr,2,,,channel floor pinholes,5578.575386053535
CC0052,243.5963,-8.1178,flr,3,,,graben-channel intersection,7578.714900366799
CC0053,241.3721,-12.27734,flr,2,,,channel edge / floor,8243.98381427234
CC0054,242.8667,-14.46582,flr,3,,,channel floor center,6913.146085267644
CC0055,243.0704,-18.35437,flr,1,,,channel floor smrp,5957.83300525386
CC0056,257.5163,16.90201,flr,3,,,Possible small pit at channel floor edge,3260.956268511188
CC0057,240.5676,-15.09371,crk,1,,,Similar to North of Arsia,7560.169637915014
CC0058,240.5514,-15.09529,crk,1,,,Similar to North of Arsia,7565.97431650366
CC0059,240.5497,-15.09581,crk,1,,,Similar to North of Arsia,7566.726758448563
CC0060,302.8489,27.01245,crk,2,,,Kasei collapse region i=65,-603.7329758393446
CC0061,302.8446,27.06726,crk,2,,,Kasei collapse region i=65,-621.9370509781041
CC0062,303.4306,27.04687,crk,2,,,Kasei collapse region i=42,-2456.047799805454
CC0063,296.074,22.48661,crk,2,,,Kasei collapse region i=42 - dusty fracture,-510.4541358286352
CC0064,296.5302,32.0254,crk,3,,,Kasei narrow collapse fractures,-607.8073853656448
CC0065,296.7098,31.91345,crk,2,,,Kasei narrow collapse fractures,-1011.6045136964872
CC0066,240.0261,35.11383,flr,0,,,candidates at edge of graben floor,2266.91697097322
CC0067,240.0174,35.1217,flr,0,,,candidates at edge of graben floor,2274.5334686862634
CC0068,240.0207,35.12909,flr,0,,,candidates at edge of graben floor,2286.1093054988337
CC0069,245.3593,-7.14942,irr,2,,,irregular cavity in flow surface,7243.558753780261
CC0070,242.3995,-10.20605,irr,3,,,"black triangular spot, maybe just albedo",9061.758007403136
CC0071,251.5122,-1.24042,irr,3,,,irregular pit,5946.922607813468
CC0072,252.3458,4.54346,irr,3,,,irregular smrp,5646.453643373204
CC0073,251.7856,5.59863,irr,3,,,black spots in dark wind streaks,5327.527797159795
CC0074,255.9219,1.86072,irr,2,,,irregular black spot - hole or albedo?,5324.467366304581
CC0075,259.9213,-0.70435,irr,3,,,Very black hole in hilltop?,5219.084566794465
CC0076,252.0122,2.1377,irr,2,,,irregular black spot  - induces wind streak,5442.666928874987
CC0077,258.0194,9.32043,irr,3,,,irregular dark spot - hole or impact?,3618.869215275633
CC0078,258.1787,12.9342,irr,3,,,irregular candidate in flow,6244.119612312095
CC0079,257.0233,8.88483,irr,3,,,Features in complex flow terrain,4323.524443147594
CC0080,231.3509,3.34698,irr,3,,,Irregular small rimless pit,1175.8786186170826
CC0081,237.3735,-2.84131,irr,3,,,channel,5007.815419814641
CC0082,230.4404,1.96167,irr,3,,,alt candidate,1893.4410718351369
CC0083,234.6204,0.04688,irr,2,,,skylight,3585.297679569476
CC0084,240.9683,-17.63391,irr,2,,,channel wall features,6213.865322254253
CC0085,243.7784,-16.42139,irr,3,,,Small rimless pit,6431.888266247155
CC0086,241.9454,-12.58533,irr,2,,,small rimless pit in pit,7839.66720947825
CC0087,241.751,-12.32632,irr,2,,,small rimless pit -- irregular,8015.685958503445
CC0088,241.8182,-16.90973,irr,2,,,along edge of flow,6433.461631040548
CC0089,127.1378,21.36868,irr,1,,,collapsed floor of collapse pit,-3669.851004171474
CC0090,296.5162,31.0012,irr,2,,,Kasei circular pit near impact and flows,-2356.6313175359523
CC0091,258.0906,9.14453,lat,3,,,Surface lateral-entrance candidate,3646.331321275869
CC0092,258.9501,6.95557,lat,2,,,lateral candidate in flow,4000.491763851781
CC0093,255.9496,8.86151,lat,0,,,lateral candidate - overhanging ledge,7993.359018929486
CC0094,255.1474,8.04544,lat,3,,,Structure at trough/graben intersect,7425.919077279451
CC0095,256.3721,7.44781,lat,3,,,lateral candidate in channel with albedo,5214.029581659267
CC0096,239.0162,6.24792,lat,3,,,Lateral,4406.127034656923
CC0097,238.553,-5.14594,lat,1,,,"interesting, in hillside",7126.785374989165
CC0098,232.8676,-2.57013,sky,3,,,near tube,3294.0552294254294
CC0099,232.8634,-2.57022,sky,2,,,near tube,3290.98529521521
CC0100,232.8579,-2.58188,sky,3,,,near tube,3282.853820645732
CC0101,232.8484,-2.5773,sky,3,,,near tube,3277.96905510586
CC0102,232.8315,-2.56311,sky,2,,,near tube,3269.87018610678
CC0103,232.8288,-2.56918,sky,3,,,near tube,3267.782782385412
CC0104,142.9086,24.38637,pin,2,,,Channel floor pinhole,1370.0406716844248
CC0105,139.7075,29.90159,pin,2,,,pair of pinholes near Elysium,-2131.5163734066264
CC0106,139.7069,29.90117,pin,2,,,pair of pinholes near Elysium,-2130.9031258912787
CC0107,143.6697,28.13364,pin,2,,,channel floor pinhole,981.390072795398
CC0108,234.7292,-15.40447,pin,1,,,Pinhole tube skylight,5576.943428736251
CC0109,242.6782,-1.87439,pin,1,,,25m black hole in surface (i=58),6942.207148482038
CC0110,243.0272,-4.93567,pin,2,,,"Dark pinhole, but i=58",8622.968445995459
CC0111,245.9289,-3.63776,pin,2,,,pinhole,7714.423138725189
CC0112,250.648,-2.35629,pin,2,,,pinhole,6293.031465910038
CC0113,245.1383,-7.48205,pin,2,,,pinhole,7291.427386637668
CC0114,244.9697,-4.14102,pin,2,,,pinhole,7472.472361620966
CC0115,245.4029,-7.02953,pin,2,,,pinhole,7236.905425878195
CC0116,248.6759,-1.36548,pin,1,,,pinhole,6476.561406004396
CC0117,248.0916,-7.05604,pin,3,,,pinhole in channel,7054.686724663015
CC0118,248.2551,-6.97576,pin,3,,,pinhole,7024.133332871964
CC0119,244.6343,-4.5385,pin,3,,,pinhole,7409.089273942483
CC0120,244.6654,-4.54498,pin,3,,,pinhole,7413.219156334822
CC0121,244.6671,-4.54593,pin,3,,,pinhole,7413.484587738771
CC0122,349.6701,31.04885,pin,3,,,pinhole,-4062.651196642149
CC0123,348.9445,34.03847,pin,3,,,pinhole,-4896.065419732091
CC0124,248.7327,-2.20276,pin,3,,,pinhole,6763.172672911895
CC0125,242.3269,-2.62305,pin,1,,,Pinhole pair near flow margin,7149.631065419353
CC0126,242.3265,-2.62385,pin,1,,,Pinhole pair near flow margin,7150.031408481826
CC0127,247.1965,-4.64502,pin,2,,,pinhole,7300.3736400253665
CC0128,251.7214,-3.78595,pin,3,,,pinhole along crack,6343.493866660609
CC0129,251.699,-3.8013,pin,3,,,Channel edge pinhole,6346.524572282151
CC0130,259.6215,3.93805,pin,3,,,pinhole in lava flow ridge,4337.38656093222
CC0131,252.1619,-1.47308,pin,3,,,Pinhole next to impact - tube breach?,5896.164025365375
CC0132,252.4771,-2.16699,pin,3,,,Pinhole,5861.60386343094
CC0133,259.195,12.6026,pin,3,,,Pinhole with dark halo - impact?,4103.786837261134
CC0134,236.0971,1.00702,pin,3,,,Pinhole at channel edge,4250.474505055586
CC0135,236.2746,-0.4982,pin,3,,,Pinhole,4213.277101524874
CC0136,237.256,-0.37646,pin,3,,,ph,4457.996791353446
CC0137,236.4375,0.41406,pin,1,,,ph,4269.815374955992
CC0138,236.3991,-0.47119,pin,3,,,ph,4250.516397643392
CC0139,236.4189,-0.46893,pin,2,,,ph,4252.385958215956
CC0140,236.616,-0.46008,pin,1,,,skylight,4298.700563445183
CC0141,236.6287,-0.46082,pin,3,,,skylight,4302.200587255178
CC0142,235.3668,-3.19925,pin,2,,,pinhole,4340.1226154360575
CC0143,239.1991,-4.14209,pin,2,,,good pinhole with small inc,6757.371068669207
CC0144,232.9343,-5.4028,pin,3,,,pinhole with wind streak,3808.737061824233
CC0145,232.3659,-3.11479,pin,3,,,in trough,3181.936802819436
CC0146,246.3747,-15.76774,pin,2,,,pretty good,6248.1951061271175
CC0147,243.807,-16.50171,pin,3,,,pinhole,6421.637804362078
CC0148,241.8903,-12.65515,pin,1,,,pinhole smrp,7847.54877745082
CC0149,245.584,-16.93701,pin,1,,,pinhole,6147.141728377343
CC0150,241.4282,-13.55713,pin,2,,,pinhole,8077.194549060729
CC0151,241.7544,-13.5144,pin,3,,,pinhole,7832.159812160012
CC0152,241.9587,-14.28955,pin,1,,,sharp pinhole,7428.473835746965
CC0153,241.8709,-16.8783,pin,3,,,pinhole,6449.07689795449
CC0154,241.8452,-16.82544,pin,2,,,pinhole,6458.534522495881
CC0155,241.9429,-17.46875,pin,3,,,pinhole,6294.170105723611
CC0156,242.0333,-17.73975,pin,3,,,pinhole,6198.545922142574
CC0157,241.9315,-17.69006,pin,2,,,pinhole,6215.328801419784
CC0158,242.0615,-1.96589,pin,2,,,pinhole trio,6899.03672817353
CC0159,143.5983,24.89327,pit,2,,,Deep irregular pit,1494.1638298064254
CC0160,143.601,24.89458,pit,2,,,Deep irregular pit,1495.9546532359857
CC0161,143.6252,24.90615,pit,3,,,Deep trough,1519.936563534844
CC0162,142.9144,24.41136,pit,3,,,shadowed pit at channel edge,1350.0725922855213
CC0163,143.8395,25.36105,pit,3,,,irregular pit in graben floor,1683.1945493871212
CC0164,142.5939,25.54324,pit,3,,,Possible developing pit crater,1395.4618783559172
CC0165,142.8262,24.50087,pit,2,,,developing pit along fracture,1354.9468457736468
CC0166,141.2039,29.2438,pit,2,,,Deep portion of fracture,-686.3987605637005
CC0167,233.4368,-3.68384,pit,1,,,pit in trough floor center,3320.506466978278
CC0168,241.0054,-7.16223,pit,3,,,Pit at end of trough,12036.635938109475
CC0169,302.8449,26.96051,pit,3,,,Kasei collapse region - i=65,-645.9271301046434
CC0170,302.8437,26.95541,pit,3,,,Kasei collapse region i=65,-648.3076909543237
CC0171,302.957,26.96228,pit,3,,,Kasei collapse region i=65,-797.0153439479067
CC0172,302.9159,27.50427,pit,3,,,Kasei collapse region i=46,-648.4016884889998
CC0173,4.1676,-32.99807,pit,3,,,Old crater fill,1302.73207708574
CC0174,4.1691,-33.00131,pit,2,,,Old crater fill,1335.8725756662989
CC0175,4.1411,-32.99782,pit,2,,,Old crater fill,1279.8395998992014
CC0176,4.1683,-32.98055,pit,3,,,Old crater fill,1291.675962393022
CC0177,4.121,-32.99309,pit,3,,,Old crater fill,1378.1786521915662
CC0178,4.1692,-32.97085,pit,3,,,Old crater fill,1309.8738338893588
CC0179,4.9766,-39.38928,pit,3,,,Old crater fill,506.6532385017508
CC0180,4.9805,-39.38977,pit,3,,,Old crater fill,496.67186813422
CC0181,4.9765,-39.38611,pit,3,,,Old crater fill,509.3356388896896
CC0182,141.0245,29.25533,rim,2,,,lateral rim candidate,-1079.5940652516658
CC0183,140.9895,29.28374,rim,2,,,lateral rim candidate,-1086.2505373153394
CC0184,140.9751,29.29048,rim,2,,,lateral rim candidate,-1080.318684235331
CC0185,143.532,27.97803,rim,3,,,halfway up wall,808.2069994163088
CC0186,143.6439,27.89038,rim,3,,,halfway up wall,894.819081329837
CC0187,150.2491,23.5704,rim,2,,,overhang at intersection,1572.1080263831595
CC0188,252.1713,17.43581,rim,2,,,40m Channel edge - possible impact,1904.1963519447704
CC0189,256.9753,12.65629,rim,1,,,Hole in bright sun-facing wall?,11463.991941101996
CC0190,249.7366,-2.19226,rim,1,,,Channel wall sun-facing deep shadows,6380.092619269644
CC0191,246.7056,-1.22217,rim,3,,,"pit rim edge, vent?",9801.946015852598
CC0192,259.0872,6.45959,rim,3,,,Channel edge,4053.19084355389
CC0193,251.3528,8.64832,rim,3,,,lateral candidate in cliff face,4882.452206425378
CC0194,255.5392,1.71909,rim,0,,,lateral candidate in large collapse pit,5392.314939949796
CC0195,254.17,4.93054,rim,2,,,channel rim sun-facing hole,6268.055544743688
CC0196,254.125,4.88464,rim,3,,,channel rim sun-facing hole,6231.681916205724
CC0197,253.6277,8.62518,rim,3,,,Possible overhang at trough end,8709.194280952253
CC0198,255.262,0.36615,rim,2,,,Sun-facing dark channel rim pit,5441.991271999892
CC0199,255.3326,0.52588,rim,3,,,Sun-facing shadows in channel rim,5425.912273875907
CC0200,253.1057,8.85526,rim,2,,,upper-rim candidate in fracture network,7840.354972857021
CC0201,238.6487,4.25684,rim,3,,,Channel rim candidate,4250.754255039694
CC0202,238.6481,4.24995,rim,3,,,Channel rim candidate,4253.851976664166
CC0203,239.3931,-10.21545,rim,0,,,"Arsia southern rim, 60x30",16944.159977064497
CC0204,258.8024,13.74237,rim,1,,,Channel rim pit,5097.313741533646
CC0205,252.2953,19.61151,rim,2,,,Channel intersection candidates,1959.864912152261
CC0206,141.3119,30.56471,irr,0,,,"dark, sharp-edge hole in surface",-1523.310073377712
CC0207,237.7901,-2.94233,sky,2,,,Skylight,5273.063621950724
CC0208,235.9786,-3.88153,sky,2,,,Tube skylight at base of NW Arsia,4700.608280043216
CC0209,235.973,-3.8749,sky,2,,,Tube skylight at base of NW Arsia,4690.579419218203
CC0210,235.9077,-3.84704,sky,2,,,Tube skylight at base of NW Arsia,4663.661839429512
CC0211,235.8737,-3.81203,sky,1,,,Tube skylight at base of NW Arsia,4639.5601962456485
CC0212,235.8586,-3.80266,sky,2,,,Tube skylight at base of NW Arsia,4630.617830017509
CC0213,235.849,-3.79186,sky,2,,,Tube skylight at base of NW Arsia,4624.472394833099
CC0214,238.7192,-3.53171,sky,1,,,good 20m tube skylight,6039.045826455621
CC0215,231.4744,-1.0625,sky,2,,,Skylight or secondary?,2659.638433474031
CC0216,231.4744,-1.06311,sky,2,,,Skylight or secondary?,2659.8368907959825
CC0217,233.052,-0.09827,sky,2,,,candidate tube skylight,3004.3600233933785
CC0218,233.0662,-0.0939,sky,2,,,candidate tube skylight,3007.701448505469
CC0219,233.069,-0.09191,sky,3,,,candidate tube skylight,3008.280303553296
CC0220,233.086,-0.09179,sky,1,,,candidate tube skylight,3013.597984370952
CC0221,239.6554,-11.51587,sky,0,,,skylight off Arsia south flank,11526.07097894334
CC0222,239.065,-13.32391,sky,1,,,initial surface breach?,10217.570754534125
CC0223,234.3142,-11.47247,sky,1,,,inflated flow skylight candidate --,6107.625429280364
CC0224,236.9274,-4.07337,sky,1,,,Skylight pair (srp?) - Arsia off flank,5126.175533942026
CC0225,236.9281,-4.07527,sky,1,,,Skylight pair (srp?) - Arsia off flank,5126.32389243622
CC0226,236.1968,-3.2384,sky,3,,,Skylight,4605.200406165666
CC0227,236.1966,-3.24085,sky,3,,,Skylight,4606.1710924811805
CC0228,236.2019,-3.25931,sky,1,,,Skylight,4615.827636222175
CC0229,236.2041,-3.26335,sky,1,,,Skylight,4618.726648635888
CC0230,236.2026,-3.26965,sky,2,,,Skylight,4620.654377409523
CC0231,236.202,-3.271,sky,2,,,Skylight,4620.792409224331
CC0232,236.2073,-3.27386,sky,2,,,Skylight,4624.060659401147
CC0233,236.213,-3.27304,sky,1,,,Skylight,4626.143787772223
CC0234,236.2269,-3.27776,sky,2,,,Skylight,4630.228524141124
CC0235,236.2325,-3.28107,sky,2,,,Skylight,4631.981916291575
CC0236,236.2371,-3.2932,sky,1,,,Skylight,4637.594518539652
CC0237,236.2495,-3.30621,sky,1,,,Skylight,4646.721274797004
CC0238,236.2612,-3.30982,sky,1,,,Skylight,4651.07367167055
CC0239,236.2806,-3.34606,sky,2,,,Skylight,4669.085757354132
CC0240,236.2826,-3.35328,sky,2,,,Skylight,4672.75097891958
CC0241,236.2839,-3.36976,sky,1,,,Skylight,4683.269238956417
CC0242,236.2884,-3.37601,sky,1,,,Skylight,4688.848817899903
CC0243,236.2986,-3.39853,sky,3,,,Skylight,4700.082086201157
CC0244,236.3006,-3.4129,sky,3,,,Skylight,4704.042406679477
CC0245,236.3041,-3.42664,sky,2,,,Skylight,4709.25014712431
CC0246,236.3052,-3.42755,sky,2,,,Skylight,4709.752784056482
CC0247,236.3185,-3.47152,sky,3,,,Skylight,4726.13404826068
CC0248,236.3328,-3.49195,sky,2,,,Skylight,4737.025753757637
CC0249,236.339,-3.49398,sky,1,,,Skylight,4738.836814890964
CC0250,236.3663,-3.5139,sky,1,,,Skylight,4748.586335383874
CC0251,236.3725,-3.52102,sky,2,,,Skylight,4752.219629207387
CC0252,236.4863,-3.42105,sky,3,,,Skylight,4715.49955817321
CC0253,248.4829,3.75879,sky,0,,,Famous pit-floor cave on Pavonis,5432.76359531329
CC0254,243.448,17.93182,sky,1,,,Possible vent hole with attached tube or dike,2327.756061438456
CC0255,240.8051,0.83864,sky,1,,,skylight as wide as channel in flood lavas,4968.892240453352
CC0256,250.5591,6.30237,sky,0,,,Lavatube impact NW,4617.486193366982
CC0257,250.5629,6.29941,sky,0,,,Lavatube impact SE,4620.675722883154
CC0258,243.6018,12.2741,sky,3,,,Small hole in surface?,2399.5717026208704
CC0259,242.5594,7.67303,sky,1,,,Graben-edge 170x300m pit with strong overhang,3317.930091788716
CC0260,242.6543,-2.0575,sky,3,,,pit in channel,6999.1370481167705
CC0261,240.7144,-1.3075,sky,2,,,Tube skylight,6182.613027757532
CC0262,241.3507,-5.36182,sky,3,,,Deep black shadow in lava ridge,9729.688008248437
CC0263,241.0775,-3.00806,sky,2,,,Skylight between impact craters?,7202.461451431943
CC0264,246.4419,-1.77197,sky,2,,,200m lava structure w/ candidate?,8470.311107897864
CC0265,248.8112,-3.67224,sky,1,,,Skylight in channel,6908.91712945055
CC0266,246.2441,-8.46655,sky,3,,,Tube skylight,7083.330018183163
CC0267,245.9441,-5.54462,sky,3,,,unusual dark pit alongside channel,7346.224195868128
CC0268,246.5618,-7.42236,sky,2,,,Channel edge cliff skylight,7113.42657709974
CC0269,250.5435,-0.22037,sky,3,,,candidate in inverted channel,5853.983733429071
CC0270,248.0475,-8.22035,sky,1,,,Tube skylight pair,7073.250957500058
CC0271,248.0475,-8.22235,sky,1,,,Tube skylight pair,7073.879486645192
CC0272,348.9619,34.21344,sky,0,,,Tube?,-4685.077564118701
CC0273,248.6138,-2.17212,sky,1,,,hole in top of cone,6802.667967926399
CC0274,242.1563,-2.37024,sky,0,,,Line of trench pits,7043.448118785054
CC0275,242.1466,-2.33789,sky,0,,,Trench pit,7033.465931195207
CC0276,242.2905,-2.48511,sky,0,,,Trench pit,7085.194926787617
CC0277,249.978,-1.39307,sky,1,,,skylight,6153.23744885785
CC0278,250.1003,-0.28812,sky,1,,,skylight,5873.214461556849
CC0279,256.5748,5.59705,sky,3,,,tube skylight candidate,5151.195369436581
CC0280,256.6456,1.63025,sky,2,,,black circular hole in possible tube,5200.831583642593
CC0281,259.4139,3.17889,sky,1,,,Deep hole in channel,4509.503227245932
CC0282,257.1561,8.74231,sky,3,,,Skylight,4023.3388321377706
CC0283,258.4109,11.49976,sky,2,,,tube skylight,5171.042328240106
CC0284,258.9436,13.13708,sky,3,,,Tube skylight candidate,4809.081366155429
CC0285,252.5131,-2.03632,sky,3,,,Tube skylight candidate,5851.659080050767
CC0286,254.1409,11.7179,sky,3,,,Pit spanning lava tube or impact,15574.350264576273
CC0287,256.8087,6.9079,sky,2,,,Tube skylight,4582.396752753851
CC0288,231.8906,-0.93933,sky,1,,,Lateral tube skylight,2749.512975703512
CC0289,231.8988,-0.93726,sky,2,,,Lateral tube skylight,2749.0723118995106
CC0290,231.8915,-0.96289,sky,3,,,Tube skylight candidate,2758.3285742997136
CC0291,231.8889,-0.98853,sky,2,,,Tube skylight,2761.8331541184457
CC0292,235.5515,0.7771,sky,1,,,Solid looking lava tube skylight,3921.1734401808953
CC0293,235.5508,0.7811,sky,2,,,Solid looking lava tube skylight,3920.480457246957
CC0294,236.696,-2.77124,sky,2,,,Tube skylight,4656.624473098745
CC0295,236.655,-2.72278,sky,3,,,Tube skylight,4584.288596316099
CC0296,236.224,-1.47278,sky,2,,,Skylight,4229.429795364202
CC0297,236.243,-1.47925,sky,2,,,Skylight,4238.369483394373
CC0298,236.2111,-1.48438,sky,2,,,Skylight,4226.978722346817
CC0299,236.1482,-1.46228,sky,1,,,Skylight,4203.025792670121
CC0300,236.2094,-1.47205,sky,1,,,Skylight,4223.7916780913465
CC0301,236.1982,-1.47437,sky,1,,,Skylight,4220.43828103926
CC0302,236.2322,-1.47644,sky,1,,,Skylight,4233.6097915483415
CC0303,236.245,-1.46997,sky,1,,,Skylight,4237.529370143804
CC0304,236.3029,-1.41553,sky,0,,,Skylight,4256.461743221204
CC0305,236.4304,-1.38672,sky,0,,,Skylight,4291.38103348613
CC0306,236.4329,-1.38782,sky,0,,,Skylight,4291.826795984031
CC0307,236.4423,-1.39038,sky,0,,,Skylight,4293.121107918255
CC0308,236.4658,-1.42175,sky,0,,,Skylight,4308.4398638010425
CC0309,236.4961,-1.45618,sky,2,,,Skylight,4333.328058131715
CC0310,236.5104,-1.48071,sky,3,,,Skylight,4342.593332517919
CC0311,236.5547,-1.49048,sky,3,,,Skylight,4361.022606621383
CC0312,236.5421,-2.30566,sky,2,,,skylight,4490.983910064003
CC0313,236.5575,-2.31165,sky,2,,,Skylight,4502.825242059153
CC0314,236.5989,-2.32861,sky,2,,,Skylight,4527.061329915225
CC0315,235.9642,0.94824,sky,2,,,Skylight,4188.48188996047
CC0316,236.0115,0.96649,sky,2,,,Skylight,4210.974539522874
CC0317,236.035,0.9762,sky,2,,,Skylight,4223.227697611956
CC0318,236.0426,0.97687,sky,2,,,Skylight,4225.828368814223
CC0319,236.9258,-0.44495,sky,3,,,skylight,4354.644356963806
CC0320,236.8989,-0.44836,sky,3,,,skylight,4346.949031009596
CC0321,236.8247,-0.45752,sky,2,,,skylight,4332.539869973079
CC0322,236.8214,-0.45996,sky,3,,,skylight,4331.892156604763
CC0323,236.7699,-0.46796,sky,1,,,skylight,4318.323512301442
CC0324,236.741,-0.4765,sky,1,,,skylight,4312.961520276891
CC0325,236.6554,-0.4646,sky,3,,,skylight,4311.001744583904
CC0326,236.6118,-0.461,sky,2,,,pinhole skylight,4298.29612607279
CC0327,236.5773,-0.44562,sky,2,,,skylight,4294.875803837591
CC0328,237.0136,-0.38892,sky,2,,,skylight,4382.870108984833
CC0329,237.2437,-2.02808,sky,2,,,skylight,4736.966533194337
CC0330,237.2688,-2.55786,sky,3,,,skylight,4910.713739144991
CC0331,237.3424,-2.60449,sky,1,,,skylight,4951.6872265698585
CC0332,237.3706,-2.64734,sky,2,,,skylight,4973.804886417551
CC0333,237.4122,-2.68079,sky,3,,,skylight,5008.218846171609
CC0334,237.4297,-2.7019,sky,3,,,skylight,5025.299035157913
CC0335,237.5623,-2.7793,sky,2,,,skylight,5128.040872408353
CC0336,237.5844,-2.78943,sky,2,,,skylight,5138.642124793523
CC0337,237.6642,-2.86365,sky,2,,,skylight,5198.811020181721
CC0338,235.6509,0.82007,sky,3,,,skylight,4004.3226132610016
CC0339,235.6792,0.83447,sky,3,,,skylight,4019.400573326518
CC0340,235.7666,0.90088,sky,3,,,skylight,4092.041173843038
CC0341,235.7495,-0.39685,sky,2,,,skylight,4033.986955220837
CC0342,235.8695,-1.44678,sky,3,,,skylight,4111.667777869596
CC0343,235.8746,-1.44653,sky,3,,,skylight,4113.337737216159
CC0344,235.9563,-1.45911,sky,1,,,skylight,4138.314176043674
CC0345,235.9785,-1.46143,sky,1,,,skylight,4146.314552203746
CC0346,236.0981,1.3894,sky,1,,,skylight,4272.04267317481
CC0347,236.3474,0.56958,sky,2,,,Skylight,4239.015530006717
CC0348,236.3306,0.59424,sky,0,,,Skylight,4236.456554093951
CC0349,236.5813,-0.4447,sky,1,,,skylight,4296.904883486912
CC0350,236.6598,-0.46313,sky,2,,,skylight,4311.503946848593
CC0351,236.5657,-1.4953,sky,2,,,skylight,4364.861938880887
CC0352,236.5622,-1.49628,sky,3,,,skylight,4363.685133005139
CC0353,236.5744,-1.49963,sky,1,,,skylight,4365.557700917484
CC0354,236.571,-1.50171,sky,2,,,skylight,4365.596753447713
CC0355,236.5533,-1.49161,sky,2,,,skylight,4360.27256508696
CC0356,236.7239,-1.60156,sky,3,,,skylight,4421.725401061702
CC0357,236.7451,-2.34644,sky,2,,,skylight,4593.148381222872
CC0358,236.9183,-2.82141,sky,1,,,skylight,4769.593676441859
CC0359,236.9384,-2.82422,sky,2,,,skylight,4781.200576870374
CC0360,236.9666,-2.8335,sky,3,,,skylight,4809.914615809887
CC0361,236.8459,-2.41782,sky,2,,,skylight,4655.102503734756
CC0362,236.6997,-0.74756,sky,1,,,inflated flow skylight,4308.22017385591
CC0363,234.5784,0.44641,sky,2,,,skylight,3537.7398812586034
CC0364,234.666,0.48364,sky,2,,,skylight,3580.161617945056
CC0365,234.6565,0.47278,sky,2,,,skylight,3575.5040592340797
CC0366,234.6541,0.47131,sky,2,,,skylight,3574.291897140006
CC0367,234.6281,0.46216,sky,2,,,skylight,3563.54699995739
CC0368,234.6502,0.34631,sky,1,,,Small rimless pit,3554.439232236821
CC0369,234.6997,-0.00977,sky,2,,,skylight,3636.31149473272
CC0370,234.7078,-0.02905,sky,2,,,skylight,3645.2643937294415
CC0371,234.7542,-0.08203,sky,2,,,skylight,3679.372513856242
CC0372,234.7872,-0.27966,sky,3,,,skylight,3706.181520818408
CC0373,234.589,-0.28369,sky,2,,,skylight,3638.432291730237
CC0374,234.6533,-0.27771,sky,3,,,skylight,3655.2479467681655
CC0375,234.6444,-0.6842,sky,3,,,skylight,3636.956966111994
CC0376,234.7661,-0.70105,sky,2,,,skylight,3683.1961667051614
CC0377,234.8262,-0.70825,sky,3,,,skylight,3707.814198095949
CC0378,237.9574,-1.46094,sky,2,,,skylight,4838.453351576338
CC0379,237.9565,-1.45911,sky,2,,,skylight,4837.622145027878
CC0380,237.9529,-1.45691,sky,2,,,skylight,4835.302164506318
CC0381,237.954,-1.45508,sky,2,,,skylight,4835.629160941421
CC0382,237.9534,-1.45325,sky,2,,,skylight,4835.089141388215
CC0383,237.9534,-1.45129,sky,2,,,skylight,4834.933334444864
CC0384,237.9523,-1.44995,sky,2,,,skylight,4834.245823222776
CC0385,237.9482,-1.44446,sky,3,,,skylight,4832.412996125308
CC0386,237.9491,-1.44275,sky,3,,,skylight,4833.174274093782
CC0387,234.6398,0.97668,sky,1,,,skylight,3488.710786634146
CC0388,234.7073,0.49927,sky,2,,,skylight,3599.548416477226
CC0389,234.7289,0.49,sky,1,,,skylight,3607.615823031552
CC0390,234.7329,0.49048,sky,1,,,skylight,3608.748927907396
CC0391,234.7332,0.48523,sky,2,,,ph,3609.3299228461497
CC0392,234.7769,0.47864,sky,2,,,skylight,3629.566084183519
CC0393,234.9051,0.42365,sky,2,,,skylight,3688.9180436116553
CC0394,234.8965,-0.30908,sky,1,,,skylight,3740.3144684624376
CC0395,234.9667,-0.79126,sky,2,,,skylight,3753.251594500339
CC0396,235.02,-2.61353,sky,3,,,skylight,4116.262017234167
CC0397,235.0322,-2.62354,sky,3,,,skylight,4121.319995743548
CC0398,235.3207,-2.71576,sky,2,,,skylight,4250.5273168594695
CC0399,235.0638,-2.57727,sky,3,,,skylight,4123.936333168858
CC0400,234.9499,-2.55002,sky,3,,,skylight,4074.482064700965
CC0401,235.1351,-3.11353,sky,2,,,skylight,4193.902881497831
CC0402,235.1794,-3.12842,sky,2,,,skylight,4219.120885643389
CC0403,235.1892,-3.13107,sky,1,,,skylight,4227.177953051297
CC0404,235.5005,-3.30127,sky,3,,,skylight,4405.730558444328
CC0405,235.4934,-3.29761,sky,2,,,skylight,4403.050638111811
CC0406,235.4883,-3.29688,sky,2,,,skylight,4402.013201747261
CC0407,235.4607,-3.27222,sky,1,,,skylight,4382.545413507402
CC0408,235.3623,-3.19678,sky,2,,,skylight,4337.621180587559
CC0409,235.3469,-3.20654,sky,1,,,skylight,4329.017474935015
CC0410,235.0244,0.57617,sky,2,,,skylight,3719.435086826998
CC0411,234.0429,0.87329,sky,2,,,skylight,3298.978299050626
CC0412,234.2773,0.53442,sky,2,,,skylight,3396.891161799172
CC0413,234.2769,0.53687,sky,2,,,skylight,3396.980549856026
CC0414,234.2354,0.53979,sky,1,,,skylight,3379.619281718652
CC0415,234.239,0.54199,sky,1,,,skylight,3381.8172171236943
CC0416,344.2138,0.53928,sky,3,,,skylight,-2612.853099860348
CC0417,233.9453,0.55078,sky,2,,,skylight,3271.588854721668
CC0418,234.0772,0.1958,sky,2,,,skylight,3347.859997130637
CC0419,234.1011,0.07813,sky,2,,,skylight,3379.0687424017287
CC0420,234.4329,-0.24756,sky,1,,,skylight,3577.8056431674668
CC0421,234.3804,-0.20679,sky,3,,,skylight,3551.0524802377536
CC0422,234.3762,-0.20288,sky,2,,,skylight,3550.151382559763
CC0423,234.3289,-0.16151,sky,2,,,skylight,3539.761013528453
CC0424,234.3225,-0.15259,sky,3,,,skylight,3536.428918181891
CC0425,234.321,-0.14941,sky,2,,,skylight,3535.3191450172976
CC0426,234.3142,-0.13574,sky,2,,,skylight,3529.6741369283072
CC0427,234.3142,-0.13281,sky,2,,,skylight,3528.9366480879767
CC0428,234.3035,-0.12427,sky,2,,,skylight,3522.5555411440564
CC0429,234.4128,-0.23828,sky,2,,,skylight,3565.7881500825165
CC0430,234.2665,-0.12085,sky,1,,,skylight,3506.193585574687
CC0431,234.2644,-0.1228,sky,2,,,skylight,3504.421418303733
CC0432,234.2064,-0.10571,sky,1,,,skylight,3476.835893965871
CC0433,234.2047,-0.10559,sky,1,,,skylight,3476.3389653281256
CC0434,234.202,-0.10547,sky,1,,,skylight,3475.516225929465
CC0435,234.2015,-0.09424,sky,1,,,skylight,3474.01374530076
CC0436,234.1965,-0.08777,sky,1,,,skylight,3470.616921312751
CC0437,234.187,-0.05212,sky,2,,,skylight,3448.777752993158
CC0438,234.1851,-0.04224,sky,2,,,skylight,3443.626675980258
CC0439,234.1831,-0.03943,sky,1,,,skylight,3441.378948978293
CC0440,234.1646,0.00781,sky,2,,,skylight,3416.373747035831
CC0441,234.1626,0.01099,sky,2,,,skylight,3414.5374489307505
CC0442,234.1608,0.01172,sky,2,,,skylight,3413.468708601102
CC0443,234.1576,0.01465,sky,2,,,skylight,3411.042225236962
CC0444,234.3075,-0.01155,sky,3,,,skylight,3476.9868987269056
CC0445,234.3085,-0.01246,sky,3,,,skylight,3477.447881365896
CC0446,234.3208,-0.01929,sky,2,,,skylight,3482.9039695272645
CC0447,234.3237,-0.02393,sky,2,,,skylight,3484.855435002812
CC0448,234.3262,-0.02832,sky,3,,,skylight,3486.497804022576
CC0449,234.3289,-0.03418,sky,2,,,skylight,3488.487853076293
CC0450,234.335,-0.04102,sky,3,,,skylight,3491.4601609645047
CC0451,234.3491,-0.06079,sky,2,,,skylight,3499.849886792078
CC0452,234.193,-0.55615,sky,3,,,skylight,3471.057072867681
CC0453,234.2009,-0.55774,sky,2,,,skylight,3474.697834126492
CC0454,234.118,-0.56531,sky,3,,,skylight,3443.9925051249315
CC0455,234.3103,-0.55786,sky,2,,,skylight,3499.264257838392
CC0456,234.2954,-0.48926,sky,2,,,skylight,3494.66179998538
CC0457,234.4155,-0.65698,sky,1,,,skylight,3552.675906251575
CC0458,234.3928,-0.64648,sky,2,,,skylight,3543.8920571598896
CC0459,234.3301,-0.6167,sky,2,,,skylight,3522.3996198496584
CC0460,234.3191,-0.66211,sky,2,,,skylight,3520.2367496784304
CC0461,234.3179,-1.01831,sky,1,,,skylight,3556.3124786105136
CC0462,234.3457,0.06494,sky,1,,,skylight,3469.7348202142325
CC0463,234.3471,0.06494,sky,1,,,skylight,3470.2342366918406
CC0464,237.8108,-2.43874,sky,1,,,skylight,5107.816303160974
CC0465,238.2277,-2.20355,sky,1,,,skylight with no visible tube,5259.0211070116
CC0466,238.222,-2.20309,sky,1,,,skylight with no visible tube,5254.245631875751
CC0467,232.8974,-2.57767,sky,2,,,pinhole skylight,3310.598858845684
CC0468,232.8954,-2.24789,sky,3,,,pinhole skylight,3267.4855605673297
CC0469,232.9055,-2.24948,sky,2,,,pinhole skylight,3270.628788448417
CC0470,232.9151,-2.24921,sky,3,,,pinhole skylight,3273.0748823909034
CC0471,232.9223,-2.25186,sky,3,,,pinhole skylight,3275.2947607841447
CC0472,232.9345,-2.25363,sky,2,,,pinhole skylight,3279.537300648677
CC0473,232.9471,-2.26227,sky,3,,,pinhole skylight,3284.8532028714967
CC0474,232.9516,-2.28421,sky,3,,,pinhole skylight,3289.1721173194496
CC0475,232.9613,-2.28998,sky,2,,,pinhole skylight,3292.550263424749
CC0476,242.3015,-17.15987,sky,1,,,skylight,6348.595847296966
CC0477,242.3978,-17.60699,sky,2,,,pinhole skylight,6217.96204366295
CC0478,241.9884,-17.6178,sky,2,,,skylight pair,6250.660358165013
CC0479,241.9915,-17.61658,sky,2,,,skylight pair,6249.191323355125
CC0480,241.8828,-2.27867,sky,0,,,Small fracture skylight,6995.788436311002
CC0481,241.8877,-2.27881,sky,0,,,Large fracture skylight,6995.869033556799
CC0482,241.9834,-2.27173,sky,0,,,Largest fracture skylight,7006.883214338085
CC0483,241.8413,-1.87769,sky,3,,,Skylight candidate,6837.928840750743
CC0484,241.8447,-1.88062,sky,3,,,Skylight candidate,6841.248321470632
CC0485,242.8806,-2.53265,sky,2,,,Skylight candidate,7103.481626313398
CC0486,242.068,-2.00012,sky,3,,,skylight,6909.610568090215
CC0487,242.0803,-1.94751,sky,3,,,small puncture skylight candidate,6897.592240871586
CC0488,235.1587,-1.00293,srp,3,,,Small rimless pit,3825.9049431989633
CC0489,241.9008,-12.57263,srp,2,,,Small rimless pit,7873.982464651258
CC0490,242.2004,-13.72852,srp,2,,,Small rimless pit,7422.370491689368
CC0491,241.4673,-13.4082,srp,3,,,Small rimless pit,8090.120402757081
CC0492,242.0093,-14.47632,srp,1,,,Small rimless pit,7299.066155442064
CC0493,241.9023,-17.32227,srp,3,,,Small rimless pit,6335.390259236666
CC0494,241.8804,-17.55811,srp,3,,,Small rimless pit,6269.535518750706
CC0495,240.7769,-11.95361,srp,1,,,small rimless pit -- largish?,9100.15500494688
CC0496,147.3906,25.41483,srp,1,,,Elysium region,7383.991542763325
CC0497,147.3779,25.40985,srp,1,,,Elysium region,7450.31651941054
CC0498,141.8278,31.13029,srp,3,,,small candidates near uplift,-1821.083432929885
CC0499,142.216,32.4014,srp,2,,,dark rimless pit,-3101.002275526493
CC0500,142.3588,32.20986,srp,3,,,dark rimless pit,-2878.199938532638
CC0501,139.3516,26.97774,srp,1,,,small pit between troughs,-242.69612081510616
CC0502,145.1574,28.92876,srp,2,,,deep-looking 100-m rimless pit,1082.940745070446
CC0503,144.9525,29.48875,srp,3,,,rimless pit in sinuous channel floor (fluvial?),505.4851973461791
CC0504,239.7528,-1.2148,srp,2,,,rimless pit,5587.489670294017
CC0505,239.7125,-1.62982,srp,2,,,rimless pit,5908.326898000961
CC0506,238.8347,-5.13017,srp,3,,,rimless pit,7689.327759387456
CC0507,255.8157,16.17691,srp,2,,,60m rimless pit,3238.299010711585
CC0508,247.3951,20.14613,srp,2,,,Small rimless pit,2577.266652159793
CC0509,233.5626,-11.12969,srp,1,,,"deep rimless pit, possible sloped entrance",5462.078571990804
CC0510,234.6653,-14.08301,srp,0,,,small rimless pit off Arsia's southwest flank,5997.615493209882
CC0511,237.6516,-21.80383,srp,2,,,pair of rimless pits at flow margin,4114.7219905910615
CC0512,237.6524,-21.80306,srp,2,,,pair of rimless pits at flow margin,4115.0696180517725
CC0513,245.8652,3.99805,srp,3,,,rimless pit - Pavonis north flank edge,3449.151412005952
CC0514,248.1257,1.54126,srp,3,,,rimless pit near Pavonis summit,12647.80859185023
CC0515,260.3692,11.27306,srp,3,,,50m Channel center smrp,3483.315104003066
CC0516,254.5631,16.5162,srp,2,,,50 m Channel edge smrp,1994.5969970076237
CC0517,259.6278,13.79756,srp,2,,,110m Channel center,4338.808251482235
CC0518,260.721,11.89553,srp,3,,,36m rimless pit in channel center,3512.630262774128
CC0519,258.8959,13.68997,srp,3,,,Interesting trio,5020.48110851728
CC0520,257.7098,17.45486,srp,2,,,Small rimless pit in field of secondaries,3051.0746297781347
CC0521,257.5148,16.91045,srp,2,,,60m Channel smrp,3250.393766061521
CC0522,252.2213,19.5945,srp,2,,,45x60m srp at channel rim,1964.760217617369
CC0523,252.2969,19.6115,srp,2,,,Candidates at channel/fracture intersection,1960.070372164396
CC0524,257.7665,20.15543,srp,2,,,"Dark srp, impact? Albedo feature?",2216.0933064500014
CC0525,257.9468,19.7855,srp,2,,,Craters cutting into inverted channelsrp,2315.024337362096
CC0526,244.9589,17.14942,srp,3,,,Channel rim srp,2272.7274272937257
CC0527,246.312,12.88562,srp,3,,,small rimless pit,2299.752127888801
CC0528,245.7545,11.83345,srp,1,,,60m rimless pit with dust bunny,2386.385485810375
CC0529,245.8894,11.49842,srp,2,,,Feature on channel wall and floor,2396.048432465197
CC0530,241.8588,22.79249,srp,3,,,small rimless pit,1505.3400933848236
CC0531,240.6138,1.12164,srp,2,,,Tube skylight maybe?,4871.324071122083
CC0532,240.7183,1.0499,srp,1,,,70x100m small rimless pit in flood channel 32m deep,4884.715121888556
CC0533,240.9464,-0.5468,srp,0,,,140m small rimless pit in channel,5931.370252615214
CC0534,243.5831,10.32749,srp,3,,,Small rimless pit,2570.366881725612
CC0535,243.9559,7.63903,srp,2,,,Small rimless pit,2873.935295679116
CC0536,243.379,-6.71021,srp,2,,,"80m smrp, >30m deep",8738.380902429146
CC0537,243.2451,-4.50244,srp,2,,,small rimless pit trench 150x50m,8169.842808394569
CC0538,243.6948,-5.64697,srp,2,,,typical smrp,8383.072530614236
CC0539,246.1274,-2.75122,srp,3,,,Small rimless pit,7996.456804142879
CC0540,246.1123,-2.74829,srp,3,,,Small rimless pit,7998.415644251351
CC0541,240.7238,-1.87396,srp,3,,,small smrps at edge of small impact,6549.79226372368
CC0542,246.9441,-3.0293,srp,2,,,Small rimless pit,7777.510660593885
CC0543,246.7214,-1.24121,srp,3,,,small rimless pit at edge of larger pit,9778.838260656805
CC0544,245.0508,0.97021,srp,2,,,"Pavonis flank, channel edge pit",8593.734710780647
CC0545,249.0584,-3.93115,srp,1,,,small rimless pit in flow,6825.085710662796
CC0546,245.978,-5.5498,srp,2,,,Small rimless pit,7346.6503345038145
CC0547,245.4998,-7.70825,srp,3,,,Small rimless pit,7156.520415992103
CC0548,250.6877,-3.58107,srp,2,,,Small rimless pit,6416.84730559401
CC0549,250.6709,-2.03648,srp,2,,,Small rimless pit,6180.590495697822
CC0550,250.7045,-2.04361,srp,2,,,Small rimless pit,6176.741879145537
CC0551,250.8257,-2.67987,srp,1,,,Small rimless pit,6280.957812058113
CC0552,250.8879,-2.84816,srp,2,,,Small rimless pit,6259.907457284368
CC0553,245.3001,-6.15368,srp,3,,,small rimless pit or black surface spot,7306.542064885741
CC0554,245.4536,-7.2819,srp,2,,,small rimless pit near channel cliff,7227.224138502125
CC0555,245.448,-7.47129,srp,3,,,Small rimless pit,7196.706604814231
CC0556,248.7815,-1.7361,srp,2,,,Small rimless pit,6558.060861690628
CC0557,248.9782,-1.82726,srp,3,,,Small rimless pit,6526.724655311469
CC0558,248.8744,-2.20827,srp,2,,,Small rimless pit,6703.127196026467
CC0559,248.1675,-8.26559,srp,2,,,Small rimless pit,7074.868293624641
CC0560,248.1963,-8.26001,srp,3,,,Small rimless pit,7063.303673716352
CC0561,248.0353,-8.27131,srp,3,,,Small rimless pit,7063.781930704999
CC0562,244.8913,-5.90737,srp,2,,,Small rimless pit,7333.7123407342915
CC0563,244.8377,-6.11237,srp,2,,,Small rimless pit,7375.197545360339
CC0564,245.0967,-7.53894,srp,2,,,Small rimless pit,7287.777423050802
CC0565,245.2103,-7.84471,srp,3,,,Small rimless pit,7167.258267652592
CC0566,245.4315,-10.59271,srp,2,,,small rimless pit Irregular candidate,6877.878399879522
CC0567,248.2022,-6.81642,srp,2,,,Small rimless pit,7030.425996492092
CC0568,248.2287,-6.82804,srp,3,,,Small rimless pit,7030.525732141628
CC0569,349.6734,31.04544,srp,3,,,Crater floor smrp,-4072.26035030602
CC0570,348.8869,29.24847,srp,2,,,small rimless pit w/ angel pattern or impact? vent?,-3261.847685504037
CC0571,349.1462,29.32395,srp,1,,,irregular small rimless pit causing strong windstreak,-3343.0102024136622
CC0572,349.024,29.39133,srp,2,,,small rimless pit with bimodal albedo wind pattern,-3310.138525394002
CC0573,349.1188,33.85615,srp,2,,,pit as albedo source ~ interesting,-4993.92983452593
CC0574,248.6659,-2.30981,srp,3,,,small rimless pit in channel,6807.312093697281
CC0575,248.657,-2.38062,srp,3,,,small rimless pit in channel,6836.506299290401
CC0576,248.6593,-2.39136,srp,3,,,small rimless pit in channel,6839.075999473047
CC0577,248.7123,-2.35413,srp,2,,,small rimless pit in channel,6788.7960578055945
CC0578,248.7363,-2.05652,srp,2,,,small rimless pit in channel,6721.005999329677
CC0579,248.7422,-2.04297,srp,3,,,small rimless pit in channel,6712.93864124963
CC0580,248.8772,-1.73401,srp,2,,,small rimless pit in channel,6515.532803479449
CC0581,248.8813,-2.02808,srp,3,,,small rimless pit in channel,6649.046604573549
CC0582,249.1404,-3.39053,srp,3,,,small rimless pit or partially buried impact,6759.223970633953
CC0583,242.1816,-2.65948,srp,3,,,Collapse pit,7169.938000745757
CC0584,242.2307,-2.72461,srp,2,,,Collapse pit at flow margin,7197.6379463161975
CC0585,242.2062,-3.19299,srp,1,,,small rimless pit and bright albedo,7392.344197996427
CC0586,246.9757,-2.87891,srp,3,,,Small rimless pit,7793.137785688882
CC0587,250.4474,-3.65747,srp,2,,,Small rimless pit,6460.041123683286
CC0588,243.957,-5.85095,srp,3,,,Small rimless pit,8081.352371455599
CC0589,244.2734,-7.05786,srp,3,,,Small rimless pit,7696.7301448099
CC0590,250.7959,-2.44019,srp,3,,,small rimless pit in channel,6335.601852615839
CC0591,250.9875,-2.27551,srp,3,,,small rimless pit in channel,6216.853099937129
CC0592,249.8602,0.67963,srp,2,,,Small rimless pit,6131.014750941387
CC0593,249.883,0.69531,srp,3,,,Small rimless pit,6051.810132724337
CC0594,258.7858,11.03629,srp,3,,,Channel pit,3706.938430913264
CC0595,260.3762,11.17712,srp,3,,,Channel pit,3475.694618122772
CC0596,258.8535,6.12646,srp,3,,,Channel pit,4162.068953129691
CC0597,259.1701,9.38116,srp,3,,,Small rimless pit,3593.1279027165715
CC0598,256.3906,2.79248,srp,2,,,black spot - srp or albedo feature?,5259.423507073762
CC0599,256.8506,5.48022,srp,3,,,Small rimless pit,4918.372511637589
CC0600,251.0144,5.51978,srp,3,,,small rimless pit or impact spot?,5004.477925808191
CC0601,257.9387,-1.57751,srp,2,,,black hole in sun-facing wall - impact?,5380.094742990744
CC0602,255.6499,5.50757,srp,2,,,round black smrp,5872.309395114481
CC0603,258.1742,-0.41638,srp,3,,,Small rimless pit,5133.747284846238
CC0604,259.5043,5.30017,srp,3,,,dark spot / pit at flow margin,4215.696392109674
CC0605,257.8783,0.45557,srp,3,,,Small rimless pit,5035.405074597489
CC0606,258.148,9.15649,srp,3,,,Small rimless pit,3638.735104111645
CC0607,258.1926,9.21216,srp,3,,,smrps in channel near margin of a thick flow,3638.252506475615
CC0608,258.192,9.21026,srp,3,,,smrps in channel near margin of a thick flow,3638.17063805287
CC0609,252.1155,4.28882,srp,3,,,Pinhole in open plain ~ possible impact spot,5511.497177800186
CC0610,260.5335,1.82349,srp,3,,,Pinhole in mid flow ~ possible impact spot,4434.043844013765
CC0611,251.3599,5.28027,srp,3,,,Small pinhole with wind streak - impact?,5170.599283116407
CC0612,258.3162,0.40686,srp,3,,,Small rimless pit,5003.079355300444
CC0613,258.3176,0.38208,srp,3,,,Small rimless pit,5006.539072623399
CC0614,257.2849,8.40088,srp,3,,,Small rimless pit,4015.5962535713647
CC0615,257.4323,7.30457,srp,2,,,small rimless pit with albedo tail at cliff edge,4083.657708015039
CC0616,257.0975,5.81226,srp,3,,,channel floor smrp,4750.695557100595
CC0617,258.5443,6.75,srp,2,,,small rimless pit at edge of buried ridge in flow,4112.181016733987
CC0618,252.6262,7.51971,srp,3,,,irregular smrp,6763.950176962252
CC0619,256.087,11.35876,srp,2,,,Channel edge smrp,17915.031478782388
CC0620,256.0772,11.14542,srp,0,,,Dark collapse pit at edge of graben,17759.698427037605
CC0621,252.7878,1.72705,srp,3,,,Small black spot,5560.965638744343
CC0622,252.211,-2.67542,srp,3,,,Smrp,6010.564258632254
CC0623,259.3284,9.53174,srp,3,,,Irregular smrp,3573.1907133875798
CC0624,259.2742,12.29077,srp,3,,,small rimless pit or black surface spot?,3932.912471163716
CC0625,257.6903,8.66577,srp,3,,,black spot pair - impa ct or smrp?,3828.524386884044
CC0626,257.7222,9.11377,srp,3,,,Dark smrp,3705.0301678809737
CC0627,256.0505,7.04443,srp,3,,,small rimless pit at flow margin,5562.181713137433
CC0628,256.2076,8.73166,srp,3,,,Smrp,6840.782280939739
CC0629,256.2305,8.66154,srp,3,,,Smrp,6577.362060468947
CC0630,231.6929,-0.953,srp,3,,,small rimless pit pair or double impact w/ septum?,2687.6139450901096
CC0631,236.2512,0.39429,srp,2,,,Pair of channel smrps,4238.154897948667
CC0632,236.2505,0.39722,srp,3,,,Pair of channel smrps,4237.826120401141
CC0633,236.1467,0.43213,srp,2,,,Channel small rimless pit,4207.6014840217495
CC0634,235.9144,0.45984,srp,3,,,Channel smrp,4098.262637765234
CC0635,235.907,0.72607,srp,3,,,Smrp,4098.8131894947255
CC0636,236.5721,-0.43701,srp,3,,,Small rimless pit,4286.314186573311
CC0637,236.6636,-1.55133,srp,2,,,Small rimless pit,4405.776603511871
CC0638,236.802,-1.64185,srp,3,,,Small rimless pit,4455.152308889808
CC0639,236.8337,-1.66174,srp,2,,,Small rimless pit,4473.531037757325
CC0640,236.8418,-1.66248,srp,3,,,Small rimless pit,4472.366170155568
CC0641,236.8503,-1.66728,srp,3,,,Small rimless pit,4472.0978366570425
CC0642,239.285,5.93365,srp,3,,,channel,4363.926161561109
CC0643,234.1543,0.17676,srp,1,,,Small rimless pit,3376.4522866547222
CC0644,234.1196,-0.62549,srp,3,,,Small rimless pit,3447.6767298716786
CC0645,234.3263,-1.0661,srp,3,,,Small rimless pit,3554.199098368085
CC0646,234.3256,-1.05035,srp,3,,,Small rimless pit,3553.132539353476
CC0647,234.3243,-1.04108,srp,3,,,Small rimless pit,3553.9284230654084
CC0648,235.085,-9.32257,srp,1,,,Small rimless pit,5890.871487910436
CC0649,235.075,-9.3367,srp,3,,,Small rimless pit,6047.371726127242
CC0650,234.4096,-6.58109,srp,1,,,nice one on mesa,4278.443705853314
CC0651,244.2306,-13.67106,srp,3,,,pretty good smrp,6869.803347429434
CC0652,250.113,-12.60106,srp,1,,,graben wall smrp,5931.777821281062
CC0653,244.5035,-6.8344,srp,3,,,Small rimless pit,7585.090062000619
CC0654,243.5758,-16.0476,srp,2,,,Small rimless pit,6474.250743540028
CC0655,241.1322,-15.86448,srp,2,,,Small rimless pit,6881.1102802322575
CC0656,241.2457,-16.9422,srp,3,,,Small rimless pit,6492.986677834389
CC0657,242.6888,-20.69154,srp,2,,,Small rimless pit,5239.359330755773
CC0658,242.6024,-19.84993,srp,3,,,Small rimless pit,5511.318118419403
CC0659,242.5575,-19.54928,srp,3,,,Small rimless pit,5651.549598112913
CC0660,242.5484,-19.59533,srp,2,,,Small rimless pit,5633.866995952347
CC0661,243.0055,-15.22204,srp,3,,,Small rimless pit,6681.858709638846
CC0662,243.1498,-15.76502,srp,2,,,Small rimless pit,6576.224925576433
CC0663,243.2182,-16.96885,srp,3,,,Small rimless pit,6335.760426543705
CC0664,243.5661,-16.81019,srp,3,,,Small rimless pit,6352.95056552588
CC0665,243.3999,-16.70497,srp,2,,,Small rimless pit,6392.081832526152
CC0666,242.9639,-12.69608,srp,2,,,flow edge,7280.023642278459
CC0667,243.728,-15.67358,srp,2,,,Small rimless pit,6519.769911785548
CC0668,244.3635,-19.46603,srp,2,,,Small rimless pit,5671.480033706992
CC0669,244.2121,-18.00473,srp,2,,,Small rimless pit,6108.675086852158
CC0670,241.2489,-13.89941,srp,2,,,Small rimless pit,7900.542068150509
CC0671,241.2311,-13.91565,srp,3,,,Small rimless pit,7920.407361439815
CC0672,241.3225,-13.9895,srp,2,,,Small rimless pit,7821.013767710023
CC0673,241.2091,-14.0835,srp,2,,,Small rimless pit,7895.694417283364
CC0674,241.4197,-14.49976,srp,2,,,Small rimless pit,7527.855197054524
CC0675,241.4138,-14.6001,srp,2,,,Small rimless pit,7454.342214107417
CC0676,241.5523,-14.85986,srp,2,,,Small rimless pit,7225.679262568359
CC0677,241.4502,-14.37183,srp,1,,,Small rimless pit,7603.285174157032
CC0678,241.5787,-13.87384,srp,3,,,Small rimless pit,7784.067426796477
CC0679,241.5762,-13.75732,srp,3,,,Small rimless pit,7842.773943545477
CC0680,241.438,-13.40186,srp,2,,,Small rimless pit,8121.532332251286
CC0681,242.0333,-17.71973,srp,2,,,Small rimless pit,6199.133724174955
CC0682,241.9929,-17.63374,srp,2,,,Small rimless pit,6248.28837497716
CC0683,242.0565,-1.9762,srp,3,,,Small rimless pit,6901.6815845783285
CC0684,258.8904,13.68774,srp,3,,,Interesting trio,5030.216889848598
CC0685,258.8989,13.68127,srp,3,,,Interesting trio,5021.794686800309
CC0686,285.1428,15.15173,srp,2,,,Kasei Flow candidate i=60 smrp,-846.8941411376503
CC0687,302.5948,26.56631,srp,3,,,Kasei collapse region i=40-smrp,-1954.1111085124296
CC0688,302.3751,26.48032,srp,3,,,Kasei collapse region i=40 - smrp,-1929.5770493500927
CC0689,303.0538,27.46716,srp,3,,,Kasei collapse region i=42,-745.2332756591811
CC0690,302.836,27.48206,srp,2,,,Kasei collapse region i=46,-749.8795288607661
CC0691,302.8612,27.46469,srp,3,,,Kasei collapse region i=46,-726.2984469955542
CC0692,302.843,27.41193,srp,3,,,Kasei collapse region i=46,-706.7887943881406
CC0693,302.8429,27.40613,srp,3,,,Kasei collapse region i=46,-713.2577078222863
CC0694,302.9058,27.87286,srp,3,,,Kasei collapse region i=46,-406.2836378075004
CC0695,277.0374,15.47429,srp,0,,,E. of Tharsis Tholus - smrp,9.74978136303793
CC0696,296.7792,31.73878,srp,2,,,Kasei SMRP,-712.7600695654348
CC0697,243.0488,-10.04382,rim,3,,,sun-facing rim wall shadows,7312.055701183585
CC0698,238.6445,-2.66437,sky,2,,,tube skylight,5723.478366601147
CC0699,231.4626,-1.08371,sky,3,,,skylight or srp,2662.3677593943903
CC0700,238.134,-19.00732,srp,2,,,Small rimless pit,5232.682593324419
CC0701,234.7688,-13.04126,pit,2,,,cave candidate in rift zone,6574.1372714372055
CC0702,237.9579,-14.74115,flr,2,,,Deep pit in fracture/graben,8219.247711626631
CC0703,349.0924,27.47949,srp,2,,,small rimless pit with albedo pattern,-2522.210662601277
CC0704,258.3652,0.44067,rim,2,,,small rimless pit trio near ridge,4981.869512276869
CC0705,256.1077,4.21289,srp,3,,,small rimless pit - possible vent,5459.777421017641
CC0706,236.9214,0.90698,sky,2,,,skylight,4336.300904997357
CC0707,236.73,-13.51,end,1,,,End-of-channel. Possibly in continuous fracture or conduit.,9300.379168000049
CC0708,239.9335,-11.57103,irr,0,,,"irr - Deep, irregularly shaped pit at end of sinuous channel.",10881.716461753957
CC0709,240.5046,-3.43583,flr,1,,,flr - Dark hole in floor of faint curvilinear channel.,7165.866968650524
CC0710,239.9335,-12.40195,srp,3,,,small rimless pit,10326.573016212493
CC0711,242.186,-2.64802,irr,2,,,Small irregular pit in lava flow.,7165.139743060036
CC0712,161.0971,9.62994,crk,0,,,"Channel rim, floor, fracture",-3060.2749001093
CC0713,161.1316,9.61115,lat,0,,,Large lateral overhang,-2976.493428345508
CC0714,161.0959,9.63191,crk,0,,,fracture candidate,-3052.433574700646
CC0715,161.095,9.63325,crk,0,,,zone of intersecting fractures at cliff,-3048.6265937583994
CC0716,161.1048,9.65024,lat,0,,,cliff wall fracture intersect,-2767.7879849696105
CC0717,161.1371,9.64589,crk,0,,,cliff wall fracture intersect,-2772.26727298376
CC0718,161.1275,9.64604,lat,0,,,cliff wall fracture intersect,-2766.82608090488
CC0719,161.123,9.64627,crk,0,,,cliff wall fracture intersect with rope?,-2769.54272799587
CC0720,161.1214,9.64627,crk,0,,,cliff wall fracture intersect,-2771.283278550779
CC0721,161.124,9.64124,crk,0,,,cliff wall fracture intersect,-2788.010174248133
CC0722,161.12,9.61913,lat,0,,,cliff wall fracture intersect,-2997.7841412647576
CC0723,161.1192,9.6189,lat,0,,,cliff wall fracture intersect,-3004.2163733329826
CC0724,161.117,9.61935,lat,0,,,cliff wall fracture intersect,-3014.2854723949795
CC0725,161.1184,9.6161,lat,0,,,Cliff wall lateral tube candidate,-3020.803277597778
CC0726,161.0885,9.60543,crk,0,,,cliff wall fracture intersect,-2910.717940637162
CC0727,276.3057,44.09782,lat,0,,,Cliff wall lateral tube candidate,1157.6978052195698
CC0728,161.5987,7.21164,crk,0,,,channel rim fracture,-2661.743871374384
CC0729,161.5894,7.21852,sky,0,,,possible bridge over channel,-2658.6921581200386
CC0730,161.5701,7.23542,lat,0,,,cliff wall fracture intersect,-2648.1979931153837
CC0731,161.5542,7.24314,crk,0,,,small cliff rim fracture,-2647.753905822928
CC0732,161.5248,7.27509,lat,0,,,Rim overhang lateral candidate,-2647.597280016756
CC0733,161.5213,7.27475,lat,0,,,Rim overhang lateral candidate,-2647.702568829406
CC0734,238.3173,-13.63231,irr,0,,,Small possible incipient Type I APC - 5 m,10026.837109824735
CC0735,253.9207,33.69458,flr,0,,,Small collapse trough in channel floor,2446.116226574545
CC0736,253.9255,33.69666,flr,0,,,100 m collapse trough in channel floor,2442.814231982322
CC0737,249.7785,-12.26022,irr,0,,,Solution cave? Cliff hole,4887.556411999689
CC0738,250.8181,26.01904,pin,2,,,Channel rim pinhole pair,3639.267642993826
CC0739,250.8219,26.01901,pin,2,,,Channel rim pinhole pair,3613.282986066647
CC0740,248.9988,22.25006,end,2,,,Possible channel end overhang - Vent? - Lathrop contrib,2855.4142154838014
CC0741,248.9631,22.25146,end,3,,,Possible channel end overhang - Vent? - Lathrop contrib,2851.472233113037
CC0742,226.5841,17.7379,lat,0,,,Good lateral candidate in Olympus Mons caldera rim,20118.12978497277
CC0743,234.4479,0.46576,pin,1,,,channel pinhole,3485.5332708922906
CC0744,234.4674,0.44656,sky,1,,,Channel skylight,3498.8483076275947
CC0745,234.4404,0.49802,sky,2,,,Channel skylight,3467.599662963486
CC0746,234.4601,0.01733,srp,2,,,irregular smrp,3534.4282546353816
CC0747,234.4813,-0.03186,srp,2,,,irregular smrp,3555.166051714197
CC0748,234.4653,-0.026,pin,2,,,pinhole,3550.049615527977
CC0749,234.8233,-2.56354,sky,2,,,tube skylight,4029.6440773980144
CC0750,234.8219,-2.55637,sky,3,,,tube skylight,4027.388695596471
CC0751,234.8161,-2.54276,sky,2,,,tube skylight,4021.7231393328034
CC0752,234.8063,-2.53027,sky,2,,,tube skylight,4015.012663548972
CC0753,234.7696,-2.49557,sky,1,,,"channel tube intersection, bridge?",3993.315991443646
CC0754,234.7678,-2.49548,sky,1,,,"channel tube intersection, bridge?",3992.6220976009154
CC0755,234.6606,-2.41479,sky,2,,,tube skylight,3944.337380684985
CC0756,234.6544,-2.41092,sky,3,,,tube skylight,3941.3215471353737
CC0757,234.641,-2.39467,sky,2,,,tube skylight,3933.606284432388
CC0758,234.6367,-2.39032,sky,2,,,tube skylight,3931.2877667503753
CC0759,234.7866,-2.34351,sky,2,,,irregular tube skylight?,3960.805295836455
CC0760,234.7692,-1.80074,sky,2,,,tube skylight,3841.879180048017
CC0761,234.5344,-1.61975,srp,3,,,smrp in faint channel,3717.9154077440394
CC0762,234.7177,-1.13182,sky,2,,,tube skylight,3716.892291028151
CC0763,234.2727,-2.10828,sky,2,,,tube skylight,3740.459666035668
CC0764,234.1722,-3.09729,sky,3,,,tube skylight,3888.1587759755735
CC0765,234.1466,-3.10413,sky,3,,,tube skylight,3883.059812185366
CC0766,234.2607,-3.10699,sky,3,,,tube skylight,3919.096679768062
CC0767,234.0517,-3.06207,sky,3,,,tube skylight,3837.700789717991
CC0768,233.9712,-3.04944,sky,3,,,tube skylight,3802.587165283098
CC0769,234.1501,-3.02374,sky,3,,,tube skylight,3855.239251931698
CC0770,234.1394,-3.01685,sky,3,,,tube skylight,3852.366013160256
CC0771,234.1306,-3.01141,sky,3,,,tube skylight,3849.291566734722
CC0772,234.1171,-2.95563,sky,3,,,tube skylight,3832.741584799304
CC0773,234.1235,-2.95819,sky,3,,,tube skylight,3836.1973817602448
CC0774,236.1148,-3.14771,sky,0,,,tube skylight,4560.08645535799
CC0775,236.0798,-3.08081,sky,0,,,tube skylight,4547.442085513359
CC0776,236.0749,-3.0733,sky,0,,,tube skylight,4545.256094899753
CC0777,236.0728,-3.0528,sky,0,,,tube skylight,4540.051837367016
CC0778,236.0729,-3.04926,sky,0,,,tube skylight,4538.574150329942
CC0779,236.0719,-3.04401,sky,0,,,tube skylight,4535.956203274758
CC0780,236.0627,-3.00909,sky,0,,,tube skylight,4509.380278188093
CC0781,236.0446,-2.99792,sky,0,,,tube skylight,4499.525345783648
CC0782,236.04,-2.99756,sky,0,,,tube skylight,4498.481983681395
CC0783,236.0365,-2.99695,sky,0,,,tube skylight,4497.57799338245
CC0784,236.0146,-2.93555,sky,0,,,tube skylight,4478.883806619745
CC0785,235.9832,-2.91675,sky,0,,,tube skylight,4473.990267066917
CC0786,235.9755,-2.91278,sky,0,,,tube skylight,4469.38450073459
CC0787,235.9736,-2.89459,sky,0,,,tube skylight,4462.514814668724
CC0788,235.9763,-2.88922,sky,0,,,tube skylight,4462.095413208289
CC0789,235.9979,-2.85663,sky,0,,,tube skylight,4451.851312428005
CC0790,235.968,-2.86755,sky,0,,,tube skylight,4453.576426543431
CC0791,235.9623,-2.85175,sky,0,,,tube skylight,4446.215376995204
CC0792,235.9459,-2.83087,sky,0,,,tube skylight,4438.65555259696
CC0793,235.9332,-2.82233,sky,1,,,tube skylight,4433.8572465877005
CC0794,236.1744,-3.21838,sky,1,,,tube skylight,4598.005876125818
CC0795,236.1613,-3.2041,sky,1,,,tube skylight,4592.099063999354
CC0796,236.1519,-3.1969,sky,1,,,tube skylight,4589.008662474458
CC0797,236.1465,-3.18884,sky,1,,,tube skylight,4586.0846088042135
CC0798,236.1458,-3.18738,sky,1,,,tube skylight,4585.507188096894
CC0799,236.1454,-3.18506,sky,1,,,tube skylight,4584.751179265574
CC0800,236.1448,-3.18359,sky,1,,,tube skylight,4584.073096991634
CC0801,236.1339,-3.16638,sky,1,,,tube skylight,4573.089576644511
CC0802,236.1231,-3.15637,sky,1,,,tube skylight,4564.819870269137
CC0803,302.5291,28.40052,crk,0,,,Kasei fracture in collapse pit floor,-1164.8038570310007
CC0804,239.5204,-11.74243,sky,0,,,small 30m skylight in old pit chain,11381.32242850867
CC0805,239.0983,-11.34962,sky,0,,,small skylight,11986.072370954598
CC0806,239.1036,-11.3175,sky,0,,,small skylight,12036.115746787094
CC0807,257.5424,35.07336,crk,0,,,Excellent fracture cave,1539.1994086182126
CC0808,68.1136,23.84433,kst,0,,,Karst in crater floor fill,278.4055287822866
CC0809,138.3816,85.05039,pol,0,,,Candidate in polar pit,-3808.5662184029234
CC0810,238.3593,-6.60093,rim,3,,,Crater rim candidate on Arsia flank,11091.709637001612
CC0811,238.1289,-6.27506,sky,3,,,skylight,9389.915318652542
CC0812,238.1584,-6.30591,pin,3,,,pinhole,9515.222299697798
CC0813,238.1435,-6.28731,pit,3,,,pit,9463.114562264594
CC0814,238.2185,-6.34703,pit,3,,,pit,9767.722382207325
CC0815,238.2038,-6.40833,pit,2,,,pit,10008.532788094924
CC0816,138.4225,85.04821,pol,0,,,Fracture candidate near polar pit,-3809.814830300339
CC0817,239.29,-10.80859,srp,0,,,Small rimless pit,14415.21968426614
CC0818,239.3658,-10.50217,srp,3,,,small rimless pit near Arsia rim,16475.455589380632
CC0819,135.3043,84.40593,pol,0,,,Long chain of polar pits,-4190.845131060609
CC0820,134.9599,84.40979,pol,0,,,Long chain of polar pits,-4169.967327931218
CC0821,134.451,84.42443,pol,0,,,Long chain of polar pits,-4143.284540902146
CC0822,296.6958,30.78402,pit,3,,,Kasei small vent candidate,-1302.3041491870356
CC0823,239.3203,33.81435,crk,0,,,Small fracture caved near large collapse pits,1947.197896333101
CC0824,239.2624,33.76903,crk,0,,,Small fracture caved near large collapse pits,1921.449223090516
CC0825,239.0115,34.52517,crk,0,,,Small fracture caved near large collapse pits,1871.5574880058327
CC0826,239.065,34.42044,crk,0,,,Small fracture caved near large collapse pits,1908.8336207048687
CC0827,239.0738,34.3965,crk,0,,,Small fracture caved near large collapse pits,1908.388146882876
CC0828,241.7077,36.08857,crk,0,,,Small fracture caved near large collapse pits,2769.332901145261
CC0829,240.0038,35.24773,crk,0,,,Small fracture caved near large collapse pits,2263.627011212476
CC0830,25.6893,44.16867,kst,0,,,Deuteronilus karst region,-3385.7674964023017
CC0831,253.5629,33.23537,crk,0,,,Small Ceraunius fracture pit,2489.8657018086574
CC0832,155.0078,11.40808,lat,0,,,Lateral fracture candidate in Cerberus Fossae,-2343.50933210727
CC0833,2.0564,38.91819,crk,0,,,Dark fractures in Arabia Terra crater,-3980.706852418985
CC0834,2.0691,38.91393,crk,0,,,Dark fractures in Arabia Terra crater,-3930.951454987545
CC0835,2.0023,38.84796,crk,0,,,Dark fractures in Arabia Terra crater,-3923.5029919708
CC0836,2.0021,38.84662,crk,0,,,Dark fractures in Arabia Terra crater,-3923.0411315597407
CC0837,2.0056,38.83753,crk,0,,,Dark fractures in Arabia Terra crater,-3926.682821630415
CC0838,2.006,38.83727,crk,0,,,Dark fractures in Arabia Terra crater,-3927.264785382667
CC0839,2.0489,38.78035,crk,0,,,Dark fractures in Arabia Terra crater,-3981.318663708763
CC0840,2.049,38.78108,crk,0,,,Dark fractures in Arabia Terra crater,-3980.63012999176
CC0841,2.0472,38.78135,crk,0,,,Dark fractures in Arabia Terra crater,-3973.023372336573
CC0842,2.0487,38.77901,crk,0,,,Dark fractures in Arabia Terra crater,-3983.10406688323
CC0843,249.4994,23.26966,lat,0,,,Pit wall lateral candidate near Olympica Fossae,2961.06764618569
CC0844,249.4981,23.26611,lat,0,,,Pit wall lateral candidate near Olympica Fossae,2961.038242340695
CC0845,253.0579,34.05775,pit,0,,,Ceraunius Fossae small candidate - 5 m,3048.8463350623097
CC0846,250.8204,28.02429,lat,0,,,Pit wall candidate in Ceraunius Fossae -see stretch,3524.925759418053
CC0847,250.8189,28.02674,lat,0,,,Pit wall candidate in Ceraunius Fossae -see stretch,3524.948608044478
CC0848,179.208,2.19145,crk,0,,,Eastern Elysium cliff undercuts - see stretch,-3069.585002878776
CC0849,179.2074,2.21387,crk,0,,,Eastern Elysium cliff undercuts - see stretch,-3044.3132359691203
CC0850,179.2093,2.20722,crk,0,,,Eastern Elysium cliff undercuts - see stretch,-3060.2316628513213
CC0851,25.8102,44.18225,kst,0,,,Deuteronilus karst region,-3384.45502760249
CC0852,25.8022,44.06839,kst,0,,,Deuteronilus karst region,-3400.882469050936
CC0853,25.79,44.06598,kst,0,,,Deuteronilus karst region,-3393.944202516424
CC0854,25.8055,44.15863,kst,0,,,Deuteronilus karst region,-3388.1195841265007
CC0855,25.8042,44.16736,kst,0,,,Deuteronilus karst region,-3387.1461357229286
CC0856,280.1141,15.19167,flr,1,,,Excellent fracture pit at edge of channel floor,-398.4260741686167
CC0857,231.2344,14.71704,end,3,,,End of trough overhang,792.629641146199
CC0858,231.2769,14.71167,end,3,,,End of trough overhang,801.9515155673065
CC0859,231.4663,14.66089,lat,3,,,Trough channel intersect,787.9669707908766
CC0860,240.4131,46.41468,lat,0,,,small channel wall lateral 6m,22.19955015613053
CC0861,240.4133,46.41562,lat,0,,,small channel wall lateral 3m,21.80454540088085
CC0862,289.3796,38.1994,rim,0,,,Good fracture edge collapse candidate,712.3278106319947
CC0863,289.3419,38.19513,pit,0,,,Deep dark small pit,570.6289726698815
CC0864,289.4199,38.11223,rim,0,,,Excellent fracture edge collapse candidate,880.6967033399759
CC0865,289.3141,38.11926,pit,0,,,Deep dark small pit,515.3294220438895
CC0866,289.3122,38.13011,crk,0,,,"Deep dark  small crack, see stretch",534.4548028219173
CC0867,289.3159,38.09998,flr,0,,,Pit in pit floor with overhang,531.4357061298533
CC0868,289.417,37.94659,flr,0,,,Small channel floor candidate,782.5415322230957
CC0869,289.3145,38.24622,pit,0,,,Interesting pit - almost looks excavated,849.6263481523712
CC0870,188.1337,24.48309,irr,0,,,Tartaru s Colles natural bridge,-3612.127128850573
CC0871,164.2091,8.53809,crk,0,,,Cerberus fissure fracture,-2779.777967089345
CC0872,164.2006,8.54608,crk,0,,,Cerberus fissure fracture,-2775.133549175365
CC0873,164.1979,8.5459,crk,0,,,Cerberus fissure fracture,-2776.344331256176
CC0874,164.1819,8.54462,crk,0,,,Cerberus fissure fracture,-2781.608094871392
CC0875,164.1334,8.51968,crk,0,,,Cerberus fissure fracture,-2769.5545277129604
CC0876,164.1473,8.50168,crk,0,,,Cerberus fissure fracture,-2769.366677572881
CC0877,164.1464,8.50073,crk,0,,,Cerberus fissure fracture,-2769.8387349800296
CC0878,164.1513,8.49454,crk,0,,,Cerberus fissure fracture,-2772.520560136132
CC0879,164.1539,8.49268,crk,0,,,Cerberus fissure fracture,-2773.189818773152
CC0880,164.1581,8.48889,crk,0,,,Cerberus fissure fracture,-2774.535277189033
CC0881,164.1669,8.49161,crk,0,,,Cerberus fissure fracture,-2775.2338196399046
CC0882,164.1731,8.47955,crk,0,,,Cerberus fissure fracture,-2775.840355122173
CC0883,164.1914,8.47311,crk,0,,,Cerberus fissure fracture,-2771.56713962851
CC0884,188.5147,24.59647,irr,0,,,Tartarus Rootless cone candidate,-3766.022547629575
CC0885,188.5166,24.59772,irr,0,,,Tartarus Rootless cone candidate,-3765.980547841656
CC0886,188.5445,24.58688,irr,0,,,Tartarus Rootless cone candidate,-3764.99674411418
CC0887,188.5451,24.5863,irr,0,,,Tartarus Rootless cone candidate,-3765.0035698568017
CC0888,188.5604,24.58463,irr,0,,,Tartarus Rootless cone candidate,-3764.672303997572
CC0889,170.7812,6.93188,crk,0,,,Cerberus fissure fracture,-2954.5460893196614
CC0890,170.8085,6.93152,crk,0,,,Cerberus fissure fracture,-2959.271701080714
CC0891,246.9805,27.64392,pit,0,,,Tharsis vent candidate,2843.88328144721
CC0892,246.9785,27.64278,pit,0,,,Tharsis vent candidate,2843.7145946093165
CC0893,143.279,-71.885,pol,0,,,South polar rim pit,1499.5886186698508
CC0894,143.3601,-71.91489,pol,0,,,South polar fracture pit,1745.8371678383596
CC0895,143.2192,-71.878,pol,0,,,South polar rim pit,1502.8158793932596
CC0896,235.5147,-24.68652,crk,1,,,Daedalia collapse pit in long fracuture lat=-24,3103.7211176357987
CC0897,67.0433,28.17861,irr,0,,,Collapse pit/vent at top of mound - Huo Hsing Vallis,596.4553077389678
CC0898,67.099,28.03603,crk,0,,,Huo Hsing vallis - cliff wall fractures,697.9755571116666
CC0899,232.8965,0.37598,sky,0,,,Cave / natural bridge near Biblis Patera,2830.7098199079323
CC0900,232.8984,0.37378,sky,0,,,Cave / natural bridge near Biblis Patera,2832.284263687021
CC0901,39.1812,26.27903,pit,0,,,Candidate region for sublimation caves in past or present ice flows,-2140.7793053349774
CC0902,237.4089,-10.15649,pit,3,,,Arisa flank,10760.667797559716
CC0903,175.4827,-0.66299,smrp,2,,,"small 40m smrp with, dark albedo, i=55 in Appolinaris",-2880.5545411582566
CC0904,175.1679,-0.61224,crk,2,,,pit  in Appolinaris,-2867.481421738006
CC0905,172.9255,-1.67143,crk,1,,,fracture pit in Appolinaris fractures Sun-facing trough rim candidate,-2884.366251432955
CC0906,172.9309,-1.68074,crk,2,,,fracture pit in Appolinaris Sun-facing trough rim candidate,-2892.936662009407
CC0907,172.9315,-1.6499,crk,2,,,fracture pit in Appolinaris Sun-facing trough rim candidate,-2884.0423222970726
CC0908,172.9587,-1.67847,crk,3,,,fracture pit in Appolinaris Sun-facing trough rim candidate,-2871.2888298581506
CC0909,172.8273,-1.71619,crk,2,,,fracture pit in Appolinaris Sun-facing trough rim candidate,-2873.1178828862144
CC0910,172.8263,-1.7123,crk,2,,,fracture pit in Appolinaris Sun-facing trough rim candidate,-2874.722259439882
CC0911,172.8236,-1.71724,crk,3,,,fracture pit in Appolinaris Sun-facing trough rim candidate,-2873.0250342640043
CC0912,172.8796,-1.70386,irr,2,,,sun-facing shadow in crater rim -- darkest at i=35,-2868.419817266001
CC0913,172.8247,-1.09106,crk,2,,,sun-facing shadows - fracture at fracture edge,-2886.0759157878133
CC0914,172.8258,-1.08983,crk,2,,,sun-facing shadows - fracture at fracture edge,-2884.6386410533287
CC0915,172.8266,-1.08818,crk,2,,,sun-facing shadows - fracture at fracture edge,-2884.0938369750043
CC0916,172.796,-1.07492,flr,1,,,Candidate in fracture network cascade face,-2866.0443380169254
CC0917,172.6572,0.48055,rim,2,,,Very dark spot in crater rim,-3008.1026022922247
CC0918,177.9824,1.91823,flr,2,,,Pit in fracture floor,-2977.711132567811
CC0919,161.1046,9.65044,crk,0,,,Cerberus fractures in HiRISE,-2766.790747936876
CC0920,161.0971,9.63013,crk,0,,,Cerberus fractures in HiRISE,-3058.4491601821237
CC0921,161.0663,9.6485,crk,0,,,Cerberus fractures in HiRISE,-2942.134054333286
CC0922,161.1185,9.64691,crk,0,,,Cerberus fractures in HiRISE,-2771.917849328163
CC0923,161.1217,9.64615,crk,0,,,Cerberus fractures in HiRISE,-2771.422250195131
CC0924,161.1229,9.64621,crk,0,,,Cerberus fractures in HiRISE,-2769.863844154085
CC0925,161.1371,9.6456,crk,0,,,Cerberus fractures in HiRISE,-2773.076374449845
CC0926,161.1272,9.64587,crk,0,,,Cerberus fractures in HiRISE,-2767.42445156504
CC0927,141.3146,30.56317,irr,0,,,Irregular surface hole,-1519.403413141001
CC0928,141.3121,30.5874,crk,0,,,Small ambiguous hole in fracture,-1559.6755719617188
CC0929,242.9741,-0.26598,sky,1,,,"pair of 60-m pits in flow, 1km apart",6403.049278614051
CC0930,242.9604,-0.27606,sky,1,,,"pair of 60-m pits in flow, 1km apart",6412.27493938701
